epoch,step,train_loss,val_loss
0,0,0.25915202498435974,
0,1,0.21953101456165314,
0,2,0.21062475442886353,
0,3,0.19962523877620697,
0,4,0.18703627586364746,
0,5,0.21218657493591309,
0,6,0.19655688107013702,
0,7,0.18997229635715485,
0,8,0.17465992271900177,
0,9,0.16705839335918427,
0,10,0.15565069019794464,
0,11,0.16150377690792084,
0,12,0.1665150374174118,
0,13,0.15882401168346405,
0,14,0.14455851912498474,
0,14,,0.15749119222164154
1,15,0.16778512299060822,
1,16,0.1441461443901062,
1,17,0.13873770833015442,
1,18,0.14414231479167938,
1,19,0.13122539222240448,
1,20,0.14194256067276,
1,21,0.12314176559448242,
1,22,0.13258253037929535,
1,23,0.12401027232408524,
1,24,0.1468331217765808,
1,25,0.09964299947023392,
1,26,0.11874522268772125,
1,27,0.12578034400939941,
1,28,0.10898784548044205,
1,29,0.10947659611701965,
1,29,,0.11442987620830536
2,30,0.10762818902730942,
2,31,0.11556042730808258,
2,32,0.11357508599758148,
2,33,0.10545129328966141,
2,34,0.09387246519327164,
2,35,0.10070835053920746,
2,36,0.10334334522485733,
2,37,0.10335832089185715,
2,38,0.08801189810037613,
2,39,0.09270407259464264,
2,40,0.09857389330863953,
2,41,0.07632073760032654,
2,42,0.08699272572994232,
2,43,0.09206318855285645,
2,44,0.10162702947854996,
2,44,,0.08821728825569153
3,45,0.08144506067037582,
3,46,0.08003593981266022,
3,47,0.08611421287059784,
3,48,0.089604951441288,
3,49,0.08492740243673325,
3,50,0.08293238282203674,
3,51,0.08573871105909348,
3,52,0.07592487335205078,
3,53,0.0665598213672638,
3,54,0.0714225247502327,
3,55,0.07322274148464203,
3,56,0.07737049460411072,
3,57,0.06737545132637024,
3,58,0.07641589641571045,
3,59,0.070586659014225,
3,59,,0.07128866761922836
4,60,0.07295916974544525,
4,61,0.06644810736179352,
4,62,0.06308786571025848,
4,63,0.06762263923883438,
4,64,0.06769399344921112,
4,65,0.058141034096479416,
4,66,0.07274779677391052,
4,67,0.0662386566400528,
4,68,0.06124265491962433,
4,69,0.06519068777561188,
4,70,0.06243846192955971,
4,71,0.06391534209251404,
4,72,0.062041494995355606,
4,73,0.06180662661790848,
4,74,0.061298858374357224,
4,74,,0.059657979756593704
5,75,0.0620708130300045,
5,76,0.05579504743218422,
5,77,0.06722583621740341,
5,78,0.06495527178049088,
5,79,0.04733804613351822,
5,80,0.06582052260637283,
5,81,0.0516575463116169,
5,82,0.054932355880737305,
5,83,0.05837950482964516,
5,84,0.04919569566845894,
5,85,0.04673653095960617,
5,86,0.05871869996190071,
5,87,0.044302958995103836,
5,88,0.05328749492764473,
5,89,0.054138850420713425,
5,89,,0.05140483379364014
6,90,0.050141070038080215,
6,91,0.05574258044362068,
6,92,0.047722190618515015,
6,93,0.0468146875500679,
6,94,0.051912572234869,
6,95,0.046052463352680206,
6,96,0.051300931721925735,
6,97,0.06053928658366203,
6,98,0.045229390263557434,
6,99,0.04032375290989876,
6,100,0.045715220272541046,
6,101,0.04588402807712555,
6,102,0.05111737921833992,
6,103,0.054490018635988235,
6,104,0.04132448136806488,
6,104,,0.045360274612903595
7,105,0.05470903590321541,
7,106,0.048469990491867065,
7,107,0.045959848910570145,
7,108,0.04504457488656044,
7,109,0.04504155367612839,
7,110,0.041557710617780685,
7,111,0.043727558106184006,
7,112,0.04628711938858032,
7,113,0.04314068332314491,
7,114,0.043342944234609604,
7,115,0.03817825764417648,
7,116,0.042761772871017456,
7,117,0.041218969970941544,
7,118,0.046625904738903046,
7,119,0.03555722162127495,
7,119,,0.04081705957651138
8,120,0.038575850427150726,
8,121,0.0349714495241642,
8,122,0.04557163268327713,
8,123,0.04066172242164612,
8,124,0.04648570343852043,
8,125,0.03363540768623352,
8,126,0.04680940881371498,
8,127,0.036176618188619614,
8,128,0.04296201094985008,
8,129,0.04331100732088089,
8,130,0.04470837116241455,
8,131,0.036699194461107254,
8,132,0.04072587564587593,
8,133,0.035181675106287,
8,134,0.04607885703444481,
8,134,,0.03735882788896561
9,135,0.03707275167107582,
9,136,0.03833891823887825,
9,137,0.038602132350206375,
9,138,0.03643736615777016,
9,139,0.043613500893116,
9,140,0.03424598276615143,
9,141,0.04350133612751961,
9,142,0.038545023649930954,
9,143,0.03697407990694046,
9,144,0.03776109591126442,
9,145,0.03256364166736603,
9,146,0.03609662503004074,
9,147,0.04349749535322189,
9,148,0.033720970153808594,
9,149,0.03814699873328209,
9,149,,0.03463112935423851
10,150,0.045258086174726486,
10,151,0.033238787204027176,
10,152,0.036794986575841904,
10,153,0.038111697882413864,
10,154,0.03225505352020264,
10,155,0.03663026541471481,
10,156,0.03475259616971016,
10,157,0.03539804741740227,
10,158,0.03568331524729729,
10,159,0.03799109533429146,
10,160,0.03803984820842743,
10,161,0.034089118242263794,
10,162,0.034014299511909485,
10,163,0.0354485847055912,
10,164,0.02446836233139038,
10,164,,0.03244373947381973
11,165,0.03886307775974274,
11,166,0.03541775047779083,
11,167,0.03200940042734146,
11,168,0.034653883427381516,
11,169,0.031156325712800026,
11,170,0.03315196558833122,
11,171,0.03432270511984825,
11,172,0.03556403890252113,
11,173,0.03420853614807129,
11,174,0.027797136455774307,
11,175,0.03728555515408516,
11,176,0.03264550864696503,
11,177,0.03867591172456741,
11,178,0.03375749662518501,
11,179,0.030207917094230652,
11,179,,0.030675046145915985
12,180,0.03120296634733677,
12,181,0.032718725502491,
12,182,0.033537209033966064,
12,183,0.033913504332304,
12,184,0.03662911430001259,
12,185,0.033050984144210815,
12,186,0.031484201550483704,
12,187,0.03002610243856907,
12,188,0.035196512937545776,
12,189,0.031123602762818336,
12,190,0.034209005534648895,
12,191,0.033113278448581696,
12,192,0.026585949584841728,
12,193,0.029275966808199883,
12,194,0.03917786851525307,
12,194,,0.029231097549200058
13,195,0.029162853956222534,
13,196,0.02774943970143795,
13,197,0.031722985208034515,
13,198,0.03895716369152069,
13,199,0.032858166843652725,
13,200,0.030925558879971504,
13,201,0.02645065076649189,
13,202,0.03214079514145851,
13,203,0.031057966873049736,
13,204,0.031693942844867706,
13,205,0.024751091375947,
13,206,0.036673545837402344,
13,207,0.029051993042230606,
13,208,0.037678562104701996,
13,209,0.028606897220015526,
13,209,,0.028044966980814934
14,210,0.03614875301718712,
14,211,0.030156875029206276,
14,212,0.025431806221604347,
14,213,0.032423488795757294,
14,214,0.033255435526371,
14,215,0.02464725635945797,
14,216,0.030553573742508888,
14,217,0.028721267357468605,
14,218,0.03569512441754341,
14,219,0.03435919061303139,
14,220,0.02754892036318779,
14,221,0.027255572378635406,
14,222,0.024758027866482735,
14,223,0.03220987319946289,
14,224,0.03649083524942398,
14,224,,0.02702379785478115
15,225,0.034889593720436096,
15,226,0.03265928477048874,
15,227,0.030569203197956085,
15,228,0.031068898737430573,
15,229,0.029860951006412506,
15,230,0.030881574377417564,
15,231,0.02698388136923313,
15,232,0.024030063301324844,
15,233,0.030084725469350815,
15,234,0.03005319833755493,
15,235,0.025868305936455727,
15,236,0.02996138110756874,
15,237,0.027857720851898193,
15,238,0.028759274631738663,
15,239,0.03140709176659584,
15,239,,0.026164622977375984
16,240,0.025271177291870117,
16,241,0.02480185590684414,
16,242,0.03006770648062229,
16,243,0.02365819923579693,
16,244,0.032327909022569656,
16,245,0.03839131072163582,
16,246,0.02652166225016117,
16,247,0.025779524818062782,
16,248,0.025338375940918922,
16,249,0.032988741993904114,
16,250,0.02907499298453331,
16,251,0.025984764099121094,
16,252,0.03125321492552757,
16,253,0.02820897102355957,
16,254,0.03776263818144798,
16,254,,0.025445308536291122
17,255,0.02913341298699379,
17,256,0.03259735926985741,
17,257,0.025117933750152588,
17,258,0.027907272800803185,
17,259,0.03003111109137535,
17,260,0.023721016943454742,
17,261,0.02644115686416626,
17,262,0.03239160776138306,
17,263,0.030913347378373146,
17,264,0.026022013276815414,
17,265,0.02224179171025753,
17,266,0.030154267325997353,
17,267,0.028195925056934357,
17,268,0.030123749747872353,
17,269,0.03246874362230301,
17,269,,0.024805106222629547
18,270,0.024457769468426704,
18,271,0.02713010646402836,
18,272,0.03390256687998772,
18,273,0.032998424023389816,
18,274,0.025581104680895805,
18,275,0.022936517372727394,
18,276,0.03245093673467636,
18,277,0.027179768308997154,
18,278,0.01827455870807171,
18,279,0.02762877568602562,
18,280,0.030750533565878868,
18,281,0.024420613422989845,
18,282,0.031317222863435745,
18,283,0.02835557609796524,
18,284,0.03148924186825752,
18,284,,0.02424449659883976
19,285,0.03074970468878746,
19,286,0.030859142541885376,
19,287,0.025864580646157265,
19,288,0.029451502487063408,
19,289,0.02458173967897892,
19,290,0.02730906382203102,
19,291,0.028101550415158272,
19,292,0.023988831788301468,
19,293,0.02537044882774353,
19,294,0.021446632221341133,
19,295,0.02739221230149269,
19,296,0.03034093603491783,
19,297,0.024254102259874344,
19,298,0.02735971473157406,
19,299,0.038398467004299164,
19,299,,0.0237547867000103
20,300,0.026581013575196266,
20,301,0.024134332314133644,
20,302,0.027572741732001305,
20,303,0.032059960067272186,
20,304,0.026315227150917053,
20,305,0.029383117333054543,
20,306,0.02243613824248314,
20,307,0.029442893341183662,
20,308,0.02650589495897293,
20,309,0.025343040004372597,
20,310,0.02647741511464119,
20,311,0.02235150709748268,
20,312,0.031812574714422226,
20,313,0.02353616990149021,
20,314,0.03188103064894676,
20,314,,0.023319581523537636
21,315,0.03139044716954231,
21,316,0.02847190760076046,
21,317,0.023965129628777504,
21,318,0.027657726779580116,
21,319,0.024163540452718735,
21,320,0.035324469208717346,
21,321,0.024684803560376167,
21,322,0.03043660894036293,
21,323,0.020139295607805252,
21,324,0.022310785949230194,
21,325,0.026605023071169853,
21,326,0.02565012313425541,
21,327,0.025103485211730003,
21,328,0.02830006740987301,
21,329,0.023144211620092392,
21,329,,0.022928878664970398
22,330,0.021385835483670235,
22,331,0.027089161798357964,
22,332,0.028728412464261055,
22,333,0.030165430158376694,
22,334,0.025082707405090332,
22,335,0.024533122777938843,
22,336,0.0212219450622797,
22,337,0.04019608721137047,
22,338,0.0251140333712101,
22,339,0.023364268243312836,
22,340,0.02044188603758812,
22,341,0.025584356859326363,
22,342,0.024673227220773697,
22,343,0.027031028643250465,
22,344,0.030128370970487595,
22,344,,0.022571131587028503
23,345,0.02322649396955967,
23,346,0.02883766032755375,
23,347,0.03266311064362526,
23,348,0.02281682938337326,
23,349,0.02615145593881607,
23,350,0.019341634586453438,
23,351,0.03110552206635475,
23,352,0.024141032248735428,
23,353,0.02634354867041111,
23,354,0.022552240639925003,
23,355,0.02511884644627571,
23,356,0.02800634130835533,
23,357,0.02163511887192726,
23,358,0.03171598166227341,
23,359,0.02461257390677929,
23,359,,0.022253574803471565
24,360,0.032761331647634506,
24,361,0.022427549585700035,
24,362,0.028810249641537666,
24,363,0.027631089091300964,
24,364,0.022526545450091362,
24,365,0.022370589897036552,
24,366,0.029479052871465683,
24,367,0.027666697278618813,
24,368,0.025519520044326782,
24,369,0.023836813867092133,
24,370,0.021446367725729942,
24,371,0.026131654158234596,
24,372,0.024106645956635475,
24,373,0.02323845960199833,
24,374,0.026466600596904755,
24,374,,0.021961946040391922
25,375,0.03207223489880562,
25,376,0.02578304149210453,
25,377,0.01973036862909794,
25,378,0.028634769842028618,
25,379,0.020437059924006462,
25,380,0.02241956815123558,
25,381,0.0292186439037323,
25,382,0.023937558755278587,
25,383,0.032507896423339844,
25,384,0.023359030485153198,
25,385,0.02139212377369404,
25,386,0.024672819301486015,
25,387,0.028455058112740517,
25,388,0.021778536960482597,
25,389,0.025609759613871574,
25,389,,0.021695496514439583
26,390,0.02558974362909794,
26,391,0.01978112757205963,
26,392,0.023052895441651344,
26,393,0.030347585678100586,
26,394,0.01726912148296833,
26,395,0.024982158094644547,
26,396,0.030385540798306465,
26,397,0.023244107142090797,
26,398,0.028192758560180664,
26,399,0.023984242230653763,
26,400,0.0280317272990942,
26,401,0.025085197761654854,
26,402,0.024262582883238792,
26,403,0.02503030188381672,
26,404,0.02893216349184513,
26,404,,0.021439800038933754
27,405,0.023834599182009697,
27,406,0.022757211700081825,
27,407,0.0228121317923069,
27,408,0.020450325682759285,
27,409,0.019786713644862175,
27,410,0.02943849004805088,
27,411,0.022551102563738823,
27,412,0.02497033216059208,
27,413,0.026441147550940514,
27,414,0.02357638254761696,
27,415,0.026551274582743645,
27,416,0.025911957025527954,
27,417,0.025639468804001808,
27,418,0.027638675644993782,
27,419,0.03427300229668617,
27,419,,0.021204588934779167
28,420,0.032810792326927185,
28,421,0.0198120828717947,
28,422,0.020231587812304497,
28,423,0.02396298013627529,
28,424,0.020976653322577477,
28,425,0.022724783048033714,
28,426,0.02572023868560791,
28,427,0.024650970473885536,
28,428,0.028182072564959526,
28,429,0.02494855411350727,
28,430,0.02236572653055191,
28,431,0.02690880186855793,
28,432,0.02668980322778225,
28,433,0.019444448873400688,
28,434,0.03337009251117706,
28,434,,0.02098531275987625
29,435,0.020135968923568726,
29,436,0.023534554988145828,
29,437,0.024781402200460434,
29,438,0.021456116810441017,
29,439,0.02660076878964901,
29,440,0.024554261937737465,
29,441,0.02564697340130806,
29,442,0.03459717705845833,
29,443,0.020841196179389954,
29,444,0.02742716670036316,
29,445,0.021973991766572,
29,446,0.0254976749420166,
29,447,0.020962463691830635,
29,448,0.024112531915307045,
29,449,0.023711370304226875,
29,449,,0.020778793841600418
30,450,0.021830841898918152,
30,451,0.03076399676501751,
30,452,0.02713434211909771,
30,453,0.02079811505973339,
30,454,0.02399417757987976,
30,455,0.023870186880230904,
30,456,0.02571907266974449,
30,457,0.02181331440806389,
30,458,0.018389659002423286,
30,459,0.02804497815668583,
30,460,0.02278881147503853,
30,461,0.02208910882472992,
30,462,0.02439490146934986,
30,463,0.02097129262983799,
30,464,0.03582916408777237,
30,464,,0.020583419129252434
31,465,0.01970018446445465,
31,466,0.022206464782357216,
31,467,0.024779388681054115,
31,468,0.024475321173667908,
31,469,0.02342171035706997,
31,470,0.023350561037659645,
31,471,0.025789201259613037,
31,472,0.0267491415143013,
31,473,0.02475646883249283,
31,474,0.02463533915579319,
31,475,0.023776909336447716,
31,476,0.027318255975842476,
31,477,0.024353444576263428,
31,478,0.024727143347263336,
31,479,0.01661856845021248,
31,479,,0.02039949782192707
32,480,0.024781549349427223,
32,481,0.0293720792979002,
32,482,0.021993806585669518,
32,483,0.027263054624199867,
32,484,0.02128250151872635,
32,485,0.028737254440784454,
32,486,0.022692332044243813,
32,487,0.021501755341887474,
32,488,0.026069918647408485,
32,489,0.018852390348911285,
32,490,0.022216714918613434,
32,491,0.019386831670999527,
32,492,0.024171071127057076,
32,493,0.028075311332941055,
32,494,0.01815316267311573,
32,494,,0.020224984735250473
33,495,0.02632211707532406,
33,496,0.02121427096426487,
33,497,0.016483886167407036,
33,498,0.025705089792609215,
33,499,0.026812145486474037,
33,500,0.01858384720981121,
33,501,0.02418803609907627,
33,502,0.01902001164853573,
33,503,0.024094993248581886,
33,504,0.02679181843996048,
33,505,0.02407754771411419,
33,506,0.021679414436221123,
33,507,0.022053472697734833,
33,508,0.030564917251467705,
33,509,0.02965584583580494,
33,509,,0.020057279616594315
34,510,0.02422890067100525,
34,511,0.02269737608730793,
34,512,0.022102490067481995,
34,513,0.024550756439566612,
34,514,0.023407457396388054,
34,515,0.025431444868445396,
34,516,0.020622430369257927,
34,517,0.02495766617357731,
34,518,0.023834597319364548,
34,519,0.02123529650270939,
34,520,0.02112858183681965,
34,521,0.029118627309799194,
34,522,0.021887987852096558,
34,523,0.026333238929510117,
34,524,0.018440458923578262,
34,524,,0.019898828119039536
35,525,0.020763656124472618,
35,526,0.024480212479829788,
35,527,0.022814923897385597,
35,528,0.024437332525849342,
35,529,0.03008226491510868,
35,530,0.023864366114139557,
35,531,0.025900648906826973,
35,532,0.022621124982833862,
35,533,0.023674501106142998,
35,534,0.024030255153775215,
35,535,0.02188859134912491,
35,536,0.019471172243356705,
35,537,0.018846610561013222,
35,538,0.02103547565639019,
35,539,0.025840383023023605,
35,539,,0.019743770360946655
36,540,0.02785414829850197,
36,541,0.02448565885424614,
36,542,0.019995128735899925,
36,543,0.022296078503131866,
36,544,0.020284367725253105,
36,545,0.019448837265372276,
36,546,0.02062978409230709,
36,547,0.022945480421185493,
36,548,0.02859644778072834,
36,549,0.02818096987903118,
36,550,0.020786313340067863,
36,551,0.01922113634645939,
36,552,0.022105280309915543,
36,553,0.024246035143733025,
36,554,0.02782474458217621,
36,554,,0.01959892176091671
37,555,0.02584090270102024,
37,556,0.023160645738244057,
37,557,0.029605567455291748,
37,558,0.019932691007852554,
37,559,0.022524312138557434,
37,560,0.01997409202158451,
37,561,0.029931187629699707,
37,562,0.02063509076833725,
37,563,0.025309119373559952,
37,564,0.01624484546482563,
37,565,0.01954568549990654,
37,566,0.02258070930838585,
37,567,0.027476519346237183,
37,568,0.021578069776296616,
37,569,0.017974186688661575,
37,569,,0.01945951022207737
38,570,0.022130737081170082,
38,571,0.02160848118364811,
38,572,0.023484118282794952,
38,573,0.021998504176735878,
38,574,0.023573346436023712,
38,575,0.02158307656645775,
38,576,0.026444608345627785,
38,577,0.022726111114025116,
38,578,0.021302582696080208,
38,579,0.027353892102837563,
38,580,0.025936443358659744,
38,581,0.019835419952869415,
38,582,0.020238008350133896,
38,583,0.01891293190419674,
38,584,0.025717664510011673,
38,584,,0.019323527812957764
39,585,0.026207812130451202,
39,586,0.020778097212314606,
39,587,0.016050396487116814,
39,588,0.023257756605744362,
39,589,0.022216418758034706,
39,590,0.022975808009505272,
39,591,0.02172986976802349,
39,592,0.02493937499821186,
39,593,0.025611527264118195,
39,594,0.025489607825875282,
39,595,0.019110865890979767,
39,596,0.02398023009300232,
39,597,0.026237541809678078,
39,598,0.02003684639930725,
39,599,0.01894487626850605,
39,599,,0.019193556159734726
40,600,0.027348512783646584,
40,601,0.019373323768377304,
40,602,0.02745615504682064,
40,603,0.021975595504045486,
40,604,0.02517957240343094,
40,605,0.0258275605738163,
40,606,0.019419904798269272,
40,607,0.019442571327090263,
40,608,0.025173766538500786,
40,609,0.021533502265810966,
40,610,0.021558167412877083,
40,611,0.019165348261594772,
40,612,0.017410138621926308,
40,613,0.021807687357068062,
40,614,0.025931712239980698,
40,614,,0.019067863002419472
41,615,0.02023533545434475,
41,616,0.02238178439438343,
41,617,0.02777799591422081,
41,618,0.02092953585088253,
41,619,0.02768065594136715,
41,620,0.022373491898179054,
41,621,0.017223099246621132,
41,622,0.019377369433641434,
41,623,0.020056409761309624,
41,624,0.018556905910372734,
41,625,0.02499181404709816,
41,626,0.02555517666041851,
41,627,0.023680398240685463,
41,628,0.022657129913568497,
41,629,0.02122150920331478,
41,629,,0.018948694691061974
42,630,0.021485324949026108,
42,631,0.018756620585918427,
42,632,0.02287563681602478,
42,633,0.020925577729940414,
42,634,0.02088688313961029,
42,635,0.021973736584186554,
42,636,0.019267993047833443,
42,637,0.01922406069934368,
42,638,0.021507959812879562,
42,639,0.02745584025979042,
42,640,0.030936088413000107,
42,641,0.023994721472263336,
42,642,0.02056567184627056,
42,643,0.0217282734811306,
42,644,0.01978321745991707,
42,644,,0.01883024349808693
43,645,0.023787930607795715,
43,646,0.02273813635110855,
43,647,0.021228620782494545,
43,648,0.01829923875629902,
43,649,0.024801256135106087,
43,650,0.02622148022055626,
43,651,0.025286180898547173,
43,652,0.02281559631228447,
43,653,0.02489980310201645,
43,654,0.020993683487176895,
43,655,0.017252586781978607,
43,656,0.018633484840393066,
43,657,0.02099069021642208,
43,658,0.023706326261162758,
43,659,0.016053607687354088,
43,659,,0.018715985119342804
44,660,0.025324974209070206,
44,661,0.02475833334028721,
44,662,0.018434958532452583,
44,663,0.021471619606018066,
44,664,0.023182371631264687,
44,665,0.019033610820770264,
44,666,0.021268093958497047,
44,667,0.028659142553806305,
44,668,0.021773261949419975,
44,669,0.019523391500115395,
44,670,0.01991959847509861,
44,671,0.02287210524082184,
44,672,0.020892135798931122,
44,673,0.01768810860812664,
44,674,0.024664035066962242,
44,674,,0.018605858087539673
45,675,0.018582452088594437,
45,676,0.020934054628014565,
45,677,0.030357705429196358,
45,678,0.019332829862833023,
45,679,0.023736493661999702,
45,680,0.018285337835550308,
45,681,0.024898681789636612,
45,682,0.02626516856253147,
45,683,0.024453604593873024,
45,684,0.02238554134964943,
45,685,0.015764130279421806,
45,686,0.021085290238261223,
45,687,0.017541414126753807,
45,688,0.02189112827181816,
45,689,0.019686225801706314,
45,689,,0.018496669828891754
46,690,0.022345803678035736,
46,691,0.026449600234627724,
46,692,0.025281492620706558,
46,693,0.019426990300416946,
46,694,0.020439933985471725,
46,695,0.01891511306166649,
46,696,0.018498018383979797,
46,697,0.02782268263399601,
46,698,0.021881993860006332,
46,699,0.020166566595435143,
46,700,0.022491423413157463,
46,701,0.018056808039546013,
46,702,0.018477609381079674,
46,703,0.024184681475162506,
46,704,0.018492497503757477,
46,704,,0.018392017111182213
47,705,0.02416888251900673,
47,706,0.016132688149809837,
47,707,0.024623360484838486,
47,708,0.02307826094329357,
47,709,0.023178905248641968,
47,710,0.020315423607826233,
47,711,0.0182720385491848,
47,712,0.0227231252938509,
47,713,0.024220027029514313,
47,714,0.023910628631711006,
47,715,0.021137382835149765,
47,716,0.020643528550863266,
47,717,0.02121737413108349,
47,718,0.01796592026948929,
47,719,0.01999899372458458,
47,719,,0.018289819359779358
48,720,0.02198672480881214,
48,721,0.018196003511548042,
48,722,0.02698547951877117,
48,723,0.02094798907637596,
48,724,0.02180611714720726,
48,725,0.021256782114505768,
48,726,0.022616444155573845,
48,727,0.023600781336426735,
48,728,0.02077184058725834,
48,729,0.023423755541443825,
48,730,0.021415293216705322,
48,731,0.018698910251259804,
48,732,0.020606571808457375,
48,733,0.01866503618657589,
48,734,0.01905250735580921,
48,734,,0.018191052600741386
49,735,0.025315552949905396,
49,736,0.020657207816839218,
49,737,0.017256952822208405,
49,738,0.022133514285087585,
49,739,0.017099378630518913,
49,740,0.020116666331887245,
49,741,0.021610021591186523,
49,742,0.02164854295551777,
49,743,0.021259188652038574,
49,744,0.020238300785422325,
49,745,0.023920075967907906,
49,746,0.023390982300043106,
49,747,0.024353528395295143,
49,748,0.017790663987398148,
49,749,0.023100845515727997,
49,749,,0.018096182495355606
50,750,0.017309645190835,
50,751,0.024529727175831795,
50,752,0.01845553331077099,
50,753,0.022690175101161003,
50,754,0.022222450003027916,
50,755,0.021205637603998184,
50,756,0.021661946550011635,
50,757,0.025203673169016838,
50,758,0.016867944970726967,
50,759,0.019496997818350792,
50,760,0.02115919627249241,
50,761,0.02101404406130314,
50,762,0.023324966430664062,
50,763,0.02019709348678589,
50,764,0.02200697921216488,
50,764,,0.018000012263655663
51,765,0.019348926842212677,
51,766,0.018400536850094795,
51,767,0.025437388569116592,
51,768,0.022749001160264015,
51,769,0.024295993149280548,
51,770,0.020404329523444176,
51,771,0.017922695726156235,
51,772,0.02404187247157097,
51,773,0.022262495011091232,
51,774,0.020654108375310898,
51,775,0.01647677645087242,
51,776,0.022747451439499855,
51,777,0.021322110667824745,
51,778,0.019041353836655617,
51,779,0.019351981580257416,
51,779,,0.017908252775669098
52,780,0.01865149661898613,
52,781,0.025823110714554787,
52,782,0.017878327518701553,
52,783,0.015902310609817505,
52,784,0.01641913689672947,
52,785,0.024308660998940468,
52,786,0.023536046966910362,
52,787,0.019270548596978188,
52,788,0.017546650022268295,
52,789,0.02375795878469944,
52,790,0.013849202543497086,
52,791,0.01773817464709282,
52,792,0.02466232143342495,
52,793,0.030678365379571915,
52,794,0.02428550459444523,
52,794,,0.017818009480834007
53,795,0.01963692717254162,
53,796,0.020250370725989342,
53,797,0.027761181816458702,
53,798,0.017275428399443626,
53,799,0.01913326419889927,
53,800,0.023473292589187622,
53,801,0.026206757873296738,
53,802,0.01807214505970478,
53,803,0.021003223955631256,
53,804,0.018796341493725777,
53,805,0.018383894115686417,
53,806,0.02290947176516056,
53,807,0.018837451934814453,
53,808,0.021226951852440834,
53,809,0.01588587276637554,
53,809,,0.017728613689541817
54,810,0.019724242389202118,
54,811,0.023304486647248268,
54,812,0.020670577883720398,
54,813,0.02145848609507084,
54,814,0.019753677770495415,
54,815,0.024624904617667198,
54,816,0.022505128756165504,
54,817,0.01779935695230961,
54,818,0.018563807010650635,
54,819,0.018567468971014023,
54,820,0.020978040993213654,
54,821,0.022242465987801552,
54,822,0.0229813065379858,
54,823,0.01482352614402771,
54,824,0.02213972993195057,
54,824,,0.017644982784986496
55,825,0.022974876686930656,
55,826,0.02052169106900692,
55,827,0.021531537175178528,
55,828,0.019833113998174667,
55,829,0.0205276720225811,
55,830,0.020187893882393837,
55,831,0.02191980741918087,
55,832,0.018035735934972763,
55,833,0.02194572053849697,
55,834,0.018657037988305092,
55,835,0.019083447754383087,
55,836,0.019533807411789894,
55,837,0.019086165353655815,
55,838,0.021550217643380165,
55,839,0.02393636666238308,
55,839,,0.01756209507584572
56,840,0.018749764189124107,
56,841,0.025514191016554832,
56,842,0.026074355468153954,
56,843,0.018939891830086708,
56,844,0.017951104789972305,
56,845,0.021439747884869576,
56,846,0.02376302145421505,
56,847,0.019736045971512794,
56,848,0.015571895986795425,
56,849,0.016994833946228027,
56,850,0.021598299965262413,
56,851,0.017479484900832176,
56,852,0.02141725644469261,
56,853,0.020558422431349754,
56,854,0.021017631515860558,
56,854,,0.017482981085777283
57,855,0.02301996387541294,
57,856,0.01590234413743019,
57,857,0.02401082031428814,
57,858,0.01923288218677044,
57,859,0.025172172114253044,
57,860,0.01986287347972393,
57,861,0.024552859365940094,
57,862,0.02173229120671749,
57,863,0.021234257146716118,
57,864,0.015891404822468758,
57,865,0.01653440296649933,
57,866,0.019664499908685684,
57,867,0.017751971259713173,
57,868,0.019062688574194908,
57,869,0.021693287417292595,
57,869,,0.01740240678191185
58,870,0.024548711255192757,
58,871,0.020093191415071487,
58,872,0.021365560591220856,
58,873,0.023404810577630997,
58,874,0.021834665909409523,
58,875,0.019968785345554352,
58,876,0.01950010098516941,
58,877,0.018230849876999855,
58,878,0.0204952210187912,
58,879,0.01689506694674492,
58,880,0.016374340280890465,
58,881,0.018070492893457413,
58,882,0.020485958084464073,
58,883,0.02230820059776306,
58,884,0.019218003377318382,
58,884,,0.017324307933449745
59,885,0.01860067993402481,
59,886,0.01830788515508175,
59,887,0.022569362074136734,
59,888,0.018806053325533867,
59,889,0.016387777402997017,
59,890,0.021919170394539833,
59,891,0.019941678270697594,
59,892,0.022479258477687836,
59,893,0.0183990728110075,
59,894,0.020526796579360962,
59,895,0.019882315769791603,
59,896,0.020512310788035393,
59,897,0.020415786653757095,
59,898,0.021967286244034767,
59,899,0.02092684619128704,
59,899,,0.017248135060071945
60,900,0.014555028639733791,
60,901,0.02284323051571846,
60,902,0.021447325125336647,
60,903,0.020564449951052666,
60,904,0.02080940268933773,
60,905,0.02434549666941166,
60,906,0.019711116328835487,
60,907,0.016492515802383423,
60,908,0.022385967895388603,
60,909,0.019723588600754738,
60,910,0.01871945522725582,
60,911,0.015396933071315289,
60,912,0.019031044095754623,
60,913,0.02303243987262249,
60,914,0.02172689512372017,
60,914,,0.01717405766248703
61,915,0.017054056748747826,
61,916,0.017209064215421677,
61,917,0.01967046409845352,
61,918,0.018472835421562195,
61,919,0.018533172085881233,
61,920,0.02304154261946678,
61,921,0.014418085105717182,
61,922,0.023295167833566666,
61,923,0.027032507583498955,
61,924,0.019424432888627052,
61,925,0.016909921541810036,
61,926,0.02199585922062397,
61,927,0.020715124905109406,
61,928,0.01957697421312332,
61,929,0.02162851206958294,
61,929,,0.017101282253861427
62,930,0.02353566884994507,
62,931,0.024449137970805168,
62,932,0.01888279803097248,
62,933,0.02547011710703373,
62,934,0.017642352730035782,
62,935,0.012471692636609077,
62,936,0.02180665358901024,
62,937,0.021097393706440926,
62,938,0.017948193475604057,
62,939,0.02065381221473217,
62,940,0.017266137525439262,
62,941,0.01928577572107315,
62,942,0.022682415321469307,
62,943,0.013361652381718159,
62,944,0.019578205421566963,
62,944,,0.01702827587723732
63,945,0.01827208511531353,
63,946,0.021389920264482498,
63,947,0.01917342096567154,
63,948,0.019765110686421394,
63,949,0.017529942095279694,
63,950,0.01656571589410305,
63,951,0.015216569416224957,
63,952,0.019225528463721275,
63,953,0.017474787309765816,
63,954,0.020190054550766945,
63,955,0.027582567185163498,
63,956,0.01997421868145466,
63,957,0.0237476397305727,
63,958,0.019183043390512466,
63,959,0.01996719092130661,
63,959,,0.016958309337496758
64,960,0.02137584798038006,
64,961,0.01678607426583767,
64,962,0.01721222884953022,
64,963,0.022323666140437126,
64,964,0.022481733933091164,
64,965,0.01873018406331539,
64,966,0.02087424136698246,
64,967,0.0160707775503397,
64,968,0.01973656937479973,
64,969,0.01878310553729534,
64,970,0.016501545906066895,
64,971,0.02299724705517292,
64,972,0.02029450424015522,
64,973,0.019955933094024658,
64,974,0.018992075696587563,
64,974,,0.01688847504556179
65,975,0.019443422555923462,
65,976,0.016960391774773598,
65,977,0.019264115020632744,
65,978,0.021746089681982994,
65,979,0.01598980464041233,
65,980,0.0244697667658329,
65,981,0.017977315932512283,
65,982,0.019588490948081017,
65,983,0.01722128316760063,
65,984,0.01696157455444336,
65,985,0.020071502774953842,
65,986,0.02208765782415867,
65,987,0.019167328253388405,
65,988,0.016969770193099976,
65,989,0.02807464636862278,
65,989,,0.016821132972836494
66,990,0.018977072089910507,
66,991,0.024168366566300392,
66,992,0.017485950142145157,
66,993,0.015431983396410942,
66,994,0.01922128163278103,
66,995,0.015884939581155777,
66,996,0.021406957879662514,
66,997,0.021054796874523163,
66,998,0.017477164044976234,
66,999,0.01682114228606224,
66,1000,0.01665119081735611,
66,1001,0.016917040571570396,
66,1002,0.02389342710375786,
66,1003,0.022577092051506042,
66,1004,0.025713477283716202,
66,1004,,0.0167543962597847
67,1005,0.02063189260661602,
67,1006,0.01737910322844982,
67,1007,0.018419533967971802,
67,1008,0.022489527240395546,
67,1009,0.022358829155564308,
67,1010,0.017373958602547646,
67,1011,0.016568779945373535,
67,1012,0.01582406833767891,
67,1013,0.017749205231666565,
67,1014,0.018132243305444717,
67,1015,0.01989203877747059,
67,1016,0.01694049872457981,
67,1017,0.025515740737318993,
67,1018,0.020426923409104347,
67,1019,0.02053850144147873,
67,1019,,0.016689058393239975
68,1020,0.017650572583079338,
68,1021,0.02232649363577366,
68,1022,0.021422693505883217,
68,1023,0.01901528611779213,
68,1024,0.02105371281504631,
68,1025,0.017476091161370277,
68,1026,0.016994474455714226,
68,1027,0.015997620299458504,
68,1028,0.01886369101703167,
68,1029,0.02280447632074356,
68,1030,0.02083539590239525,
68,1031,0.017350399866700172,
68,1032,0.018756307661533356,
68,1033,0.01809997670352459,
68,1034,0.019043641164898872,
68,1034,,0.016620570793747902
69,1035,0.020252417773008347,
69,1036,0.018598858267068863,
69,1037,0.01664814166724682,
69,1038,0.01627424731850624,
69,1039,0.02176416665315628,
69,1040,0.016679124906659126,
69,1041,0.021518481895327568,
69,1042,0.018818650394678116,
69,1043,0.01867791637778282,
69,1044,0.02107878215610981,
69,1045,0.013674748130142689,
69,1046,0.01978880912065506,
69,1047,0.019779274240136147,
69,1048,0.026526419445872307,
69,1049,0.015036499127745628,
69,1049,,0.01655740849673748
70,1050,0.017310986295342445,
70,1051,0.019283154979348183,
70,1052,0.023969504982233047,
70,1053,0.01945689134299755,
70,1054,0.021147748455405235,
70,1055,0.02325650118291378,
70,1056,0.01570255495607853,
70,1057,0.018019327893853188,
70,1058,0.02090177685022354,
70,1059,0.01679372601211071,
70,1060,0.01673026569187641,
70,1061,0.018156222999095917,
70,1062,0.022443324327468872,
70,1063,0.016969947144389153,
70,1064,0.01344219408929348,
70,1064,,0.01649359054863453
71,1065,0.020816922187805176,
71,1066,0.021837787702679634,
71,1067,0.01611141674220562,
71,1068,0.023629434406757355,
71,1069,0.013897878117859364,
71,1070,0.022191759198904037,
71,1071,0.02120945230126381,
71,1072,0.017785290256142616,
71,1073,0.017610831186175346,
71,1074,0.02070312201976776,
71,1075,0.017613006755709648,
71,1076,0.022627269849181175,
71,1077,0.01753980852663517,
71,1078,0.012477067299187183,
71,1079,0.01770334132015705,
71,1079,,0.016432592645287514
72,1080,0.015961170196533203,
72,1081,0.01877841353416443,
72,1082,0.021077066659927368,
72,1083,0.018355071544647217,
72,1084,0.01785936951637268,
72,1085,0.020818747580051422,
72,1086,0.01645001210272312,
72,1087,0.020781761035323143,
72,1088,0.02140326239168644,
72,1089,0.018891090527176857,
72,1090,0.02048427052795887,
72,1091,0.019750550389289856,
72,1092,0.018374264240264893,
72,1093,0.018304960802197456,
72,1094,0.01338944397866726,
72,1094,,0.01637234538793564
73,1095,0.013149191625416279,
73,1096,0.02001587301492691,
73,1097,0.01872594654560089,
73,1098,0.01659397967159748,
73,1099,0.017299165949225426,
73,1100,0.024986818432807922,
73,1101,0.02097470872104168,
73,1102,0.017235850915312767,
73,1103,0.02233107015490532,
73,1104,0.02329200878739357,
73,1105,0.01662421226501465,
73,1106,0.017074579373002052,
73,1107,0.01771274395287037,
73,1108,0.01790456846356392,
73,1109,0.01805197075009346,
73,1109,,0.016312111169099808
74,1110,0.02351381815969944,
74,1111,0.016633622348308563,
74,1112,0.01785934530198574,
74,1113,0.01440473273396492,
74,1114,0.018431207165122032,
74,1115,0.01761903427541256,
74,1116,0.01584676094353199,
74,1117,0.01795594021677971,
74,1118,0.019952131435275078,
74,1119,0.01836264133453369,
74,1120,0.02026820182800293,
74,1121,0.018896816298365593,
74,1122,0.02122955210506916,
74,1123,0.021853264421224594,
74,1124,0.016627201810479164,
74,1124,,0.01625428907573223
75,1125,0.021662767976522446,
75,1126,0.017014341428875923,
75,1127,0.017041170969605446,
75,1128,0.02086227759718895,
75,1129,0.01751154661178589,
75,1130,0.018978098407387733,
75,1131,0.022842181846499443,
75,1132,0.01569807156920433,
75,1133,0.020191524177789688,
75,1134,0.017221735790371895,
75,1135,0.017463792115449905,
75,1136,0.018697097897529602,
75,1137,0.017057236284017563,
75,1138,0.018408073112368584,
75,1139,0.018983064219355583,
75,1139,,0.016198035329580307
76,1140,0.017057621851563454,
76,1141,0.021398385986685753,
76,1142,0.020461609587073326,
76,1143,0.021883077919483185,
76,1144,0.01793559454381466,
76,1145,0.022726019844412804,
76,1146,0.016697721555829048,
76,1147,0.01636015810072422,
76,1148,0.014910401776432991,
76,1149,0.01727202907204628,
76,1150,0.017262127250432968,
76,1151,0.022527405992150307,
76,1152,0.01724264957010746,
76,1153,0.019354382529854774,
76,1154,0.012233929708600044,
76,1154,,0.016140500083565712
77,1155,0.019108902662992477,
77,1156,0.016784625127911568,
77,1157,0.019744202494621277,
77,1158,0.021012315526604652,
77,1159,0.01719891093671322,
77,1160,0.015423344448208809,
77,1161,0.01952205039560795,
77,1162,0.01415127981454134,
77,1163,0.02098395861685276,
77,1164,0.01991124637424946,
77,1165,0.017902996391057968,
77,1166,0.018996775150299072,
77,1167,0.018612302839756012,
77,1168,0.02026997320353985,
77,1169,0.016803821548819542,
77,1169,,0.016082627698779106
78,1170,0.014260439202189445,
78,1171,0.016346633434295654,
78,1172,0.0178687646985054,
78,1173,0.02271094359457493,
78,1174,0.020426666364073753,
78,1175,0.01561891008168459,
78,1176,0.020999493077397346,
78,1177,0.01902693137526512,
78,1178,0.02273155190050602,
78,1179,0.01880476251244545,
78,1180,0.020277811214327812,
78,1181,0.013558086939156055,
78,1182,0.01687271147966385,
78,1183,0.01735096052289009,
78,1184,0.01903071068227291,
78,1184,,0.01602751389145851
79,1185,0.017307346686720848,
79,1186,0.02055840753018856,
79,1187,0.01921738125383854,
79,1188,0.020554570481181145,
79,1189,0.01532446313649416,
79,1190,0.021003199741244316,
79,1191,0.014715860597789288,
79,1192,0.018004456534981728,
79,1193,0.019998112693428993,
79,1194,0.019777169451117516,
79,1195,0.01902320422232151,
79,1196,0.0168740414083004,
79,1197,0.015773916617035866,
79,1198,0.02072974666953087,
79,1199,0.014708004891872406,
79,1199,,0.015971636399626732
80,1200,0.017048843204975128,
80,1201,0.01716071180999279,
80,1202,0.01934782601892948,
80,1203,0.020131360739469528,
80,1204,0.01718767173588276,
80,1205,0.02327231876552105,
80,1206,0.014459722675383091,
80,1207,0.01931282877922058,
80,1208,0.022454792633652687,
80,1209,0.017274653539061546,
80,1210,0.018507765606045723,
80,1211,0.01567409373819828,
80,1212,0.013460990972816944,
80,1213,0.023191042244434357,
80,1214,0.01374951284378767,
80,1214,,0.01591956615447998
81,1215,0.01429885346442461,
81,1216,0.019605491310358047,
81,1217,0.01698835752904415,
81,1218,0.013453003950417042,
81,1219,0.02319387160241604,
81,1220,0.015694478526711464,
81,1221,0.019949931651353836,
81,1222,0.01671588234603405,
81,1223,0.014897290617227554,
81,1224,0.02100483700633049,
81,1225,0.019082333892583847,
81,1226,0.016727374866604805,
81,1227,0.02340899594128132,
81,1228,0.02007022313773632,
81,1229,0.01713198982179165,
81,1229,,0.015867849811911583
82,1230,0.02006981335580349,
82,1231,0.02061787247657776,
82,1232,0.015798382461071014,
82,1233,0.022091951221227646,
82,1234,0.014997720718383789,
82,1235,0.01952272281050682,
82,1236,0.02447660081088543,
82,1237,0.016530659049749374,
82,1238,0.015294330194592476,
82,1239,0.013491882011294365,
82,1240,0.018268931657075882,
82,1241,0.01924581080675125,
82,1242,0.015032595954835415,
82,1243,0.020683476701378822,
82,1244,0.01405457966029644,
82,1244,,0.01581731252372265
83,1245,0.018260061740875244,
83,1246,0.020151255652308464,
83,1247,0.01980593428015709,
83,1248,0.02072017453610897,
83,1249,0.01545506902039051,
83,1250,0.01649647392332554,
83,1251,0.01757875457406044,
83,1252,0.02224113419651985,
83,1253,0.01655532978475094,
83,1254,0.01761728897690773,
83,1255,0.016169710084795952,
83,1256,0.015886034816503525,
83,1257,0.01704656518995762,
83,1258,0.018353013321757317,
83,1259,0.017673395574092865,
83,1259,,0.01576545462012291
84,1260,0.01942947879433632,
84,1261,0.019307781010866165,
84,1262,0.015494589693844318,
84,1263,0.017503730952739716,
84,1264,0.022152498364448547,
84,1265,0.014618168585002422,
84,1266,0.01861218921840191,
84,1267,0.017704376950860023,
84,1268,0.017749521881341934,
84,1269,0.018625829368829727,
84,1270,0.015688005834817886,
84,1271,0.015720119699835777,
84,1272,0.01914684660732746,
84,1273,0.018312953412532806,
84,1274,0.01987043209373951,
84,1274,,0.01571919396519661
85,1275,0.01653737761080265,
85,1276,0.01353614591062069,
85,1277,0.01977750100195408,
85,1278,0.016068100929260254,
85,1279,0.01722395047545433,
85,1280,0.015841923654079437,
85,1281,0.02073565125465393,
85,1282,0.019595185294747353,
85,1283,0.018969383090734482,
85,1284,0.024457663297653198,
85,1285,0.017577460035681725,
85,1286,0.01979956589639187,
85,1287,0.01761508733034134,
85,1288,0.016267098486423492,
85,1289,0.011088849976658821,
85,1289,,0.015668362379074097
86,1290,0.01652243547141552,
86,1291,0.021387623623013496,
86,1292,0.018193623051047325,
86,1293,0.018136806786060333,
86,1294,0.017740875482559204,
86,1295,0.020243192091584206,
86,1296,0.01657765544950962,
86,1297,0.02034127339720726,
86,1298,0.015373080968856812,
86,1299,0.01414527464658022,
86,1300,0.020198803395032883,
86,1301,0.020504215732216835,
86,1302,0.012882838025689125,
86,1303,0.016699129715561867,
86,1304,0.018280092626810074,
86,1304,,0.015619776211678982
87,1305,0.013449998572468758,
87,1306,0.017148200422525406,
87,1307,0.017202002927660942,
87,1308,0.017918437719345093,
87,1309,0.021630505099892616,
87,1310,0.02085925079882145,
87,1311,0.016850804910063744,
87,1312,0.013828229159116745,
87,1313,0.019625898450613022,
87,1314,0.018927088007330894,
87,1315,0.017500827088952065,
87,1316,0.015819666907191277,
87,1317,0.018864737823605537,
87,1318,0.01764870062470436,
87,1319,0.019683679565787315,
87,1319,,0.015569917857646942
88,1320,0.01984221115708351,
88,1321,0.018644042313098907,
88,1322,0.015906643122434616,
88,1323,0.017635680735111237,
88,1324,0.01708883047103882,
88,1325,0.014982995577156544,
88,1326,0.01753755286335945,
88,1327,0.01820214092731476,
88,1328,0.018079597502946854,
88,1329,0.019006136804819107,
88,1330,0.01653503067791462,
88,1331,0.017621828243136406,
88,1332,0.020476484671235085,
88,1333,0.017818843945860863,
88,1334,0.013472402468323708,
88,1334,,0.015522177331149578
89,1335,0.017218446359038353,
89,1336,0.021432815119624138,
89,1337,0.01175218541175127,
89,1338,0.015400969423353672,
89,1339,0.018309468403458595,
89,1340,0.020194120705127716,
89,1341,0.018587324768304825,
89,1342,0.019379885867238045,
89,1343,0.015378015115857124,
89,1344,0.018108826130628586,
89,1345,0.018934957683086395,
89,1346,0.018240489065647125,
89,1347,0.016735907644033432,
89,1348,0.020166520029306412,
89,1349,0.011242493987083435,
89,1349,,0.015474854968488216
90,1350,0.014878029935061932,
90,1351,0.017141714692115784,
90,1352,0.018326882272958755,
90,1353,0.015161384828388691,
90,1354,0.016998285427689552,
90,1355,0.022556865587830544,
90,1356,0.01813654787838459,
90,1357,0.015407012775540352,
90,1358,0.014628416858613491,
90,1359,0.018043845891952515,
90,1360,0.017182111740112305,
90,1361,0.02250811830163002,
90,1362,0.01381993480026722,
90,1363,0.018242213875055313,
90,1364,0.022142497822642326,
90,1364,,0.015431901440024376
91,1365,0.01662188395857811,
91,1366,0.01841059699654579,
91,1367,0.01669018529355526,
91,1368,0.018885048106312752,
91,1369,0.014651951380074024,
91,1370,0.020517336204648018,
91,1371,0.021391741931438446,
91,1372,0.014879305846989155,
91,1373,0.016636507585644722,
91,1374,0.01604570262134075,
91,1375,0.020222866907715797,
91,1376,0.017140761017799377,
91,1377,0.015002361498773098,
91,1378,0.018522139638662338,
91,1379,0.015075904317200184,
91,1379,,0.015388287603855133
92,1380,0.015073698945343494,
92,1381,0.01330154575407505,
92,1382,0.019019965082406998,
92,1383,0.020142346620559692,
92,1384,0.018626052886247635,
92,1385,0.016249196603894234,
92,1386,0.02022434026002884,
92,1387,0.016633281484246254,
92,1388,0.018283622339367867,
92,1389,0.015273749828338623,
92,1390,0.01621362566947937,
92,1391,0.02013123407959938,
92,1392,0.018046949058771133,
92,1393,0.017313625663518906,
92,1394,0.015837598592042923,
92,1394,,0.015343963168561459
93,1395,0.01554897241294384,
93,1396,0.018486661836504936,
93,1397,0.015423898585140705,
93,1398,0.016249459236860275,
93,1399,0.022302215918898582,
93,1400,0.023181257769465446,
93,1401,0.010240395553410053,
93,1402,0.01614728383719921,
93,1403,0.01884019561111927,
93,1404,0.019559135660529137,
93,1405,0.01727367751300335,
93,1406,0.016696954146027565,
93,1407,0.015583124943077564,
93,1408,0.016251767054200172,
93,1409,0.01845845952630043,
93,1409,,0.015298391692340374
94,1410,0.016221139580011368,
94,1411,0.019777394831180573,
94,1412,0.020793713629245758,
94,1413,0.014929679222404957,
94,1414,0.015597517602145672,
94,1415,0.014199267141520977,
94,1416,0.016064831987023354,
94,1417,0.017449911683797836,
94,1418,0.017572691664099693,
94,1419,0.012852732092142105,
94,1420,0.019967934116721153,
94,1421,0.015801992267370224,
94,1422,0.020802434533834457,
94,1423,0.01800682581961155,
94,1424,0.019139979034662247,
94,1424,,0.015255743637681007
95,1425,0.016125936061143875,
95,1426,0.018328368663787842,
95,1427,0.01711844839155674,
95,1428,0.014015625230967999,
95,1429,0.014968802221119404,
95,1430,0.01721407100558281,
95,1431,0.015206432901322842,
95,1432,0.01796426996588707,
95,1433,0.015575263649225235,
95,1434,0.02268550731241703,
95,1435,0.018914520740509033,
95,1436,0.018663570284843445,
95,1437,0.015593379735946655,
95,1438,0.01598822884261608,
95,1439,0.02303386852145195,
95,1439,,0.015213675796985626
96,1440,0.017586614936590195,
96,1441,0.019015492871403694,
96,1442,0.020779775455594063,
96,1443,0.014625046402215958,
96,1444,0.016965700313448906,
96,1445,0.013082331046462059,
96,1446,0.015003153122961521,
96,1447,0.017526818439364433,
96,1448,0.01912815310060978,
96,1449,0.016230424866080284,
96,1450,0.018974170088768005,
96,1451,0.013820079155266285,
96,1452,0.01542849000543356,
96,1453,0.018700553104281425,
96,1454,0.023458844050765038,
96,1454,,0.015171905979514122
97,1455,0.014305589720606804,
97,1456,0.01788526400923729,
97,1457,0.017619304358959198,
97,1458,0.015831049531698227,
97,1459,0.017373042181134224,
97,1460,0.017128216102719307,
97,1461,0.01706460490822792,
97,1462,0.015539652667939663,
97,1463,0.017690623179078102,
97,1464,0.013054856099188328,
97,1465,0.016185538843274117,
97,1466,0.02053387649357319,
97,1467,0.015912532806396484,
97,1468,0.023610541597008705,
97,1469,0.01557641290128231,
97,1469,,0.015127058140933514
98,1470,0.01851958967745304,
98,1471,0.016586164012551308,
98,1472,0.016827521845698357,
98,1473,0.01671026088297367,
98,1474,0.01853697933256626,
98,1475,0.02014312520623207,
98,1476,0.015578876249492168,
98,1477,0.015473632141947746,
98,1478,0.014077161438763142,
98,1479,0.016132695600390434,
98,1480,0.015576367266476154,
98,1481,0.017882520332932472,
98,1482,0.020562687888741493,
98,1483,0.017319276928901672,
98,1484,0.013359544798731804,
98,1484,,0.015086314640939236
99,1485,0.015073503367602825,
99,1486,0.019249320030212402,
99,1487,0.016988540068268776,
99,1488,0.019358888268470764,
99,1489,0.016453636810183525,
99,1490,0.016035521402955055,
99,1491,0.017083216458559036,
99,1492,0.015329273417592049,
99,1493,0.01495458371937275,
99,1494,0.01562601327896118,
99,1495,0.018090585246682167,
99,1496,0.01928825117647648,
99,1497,0.016643915325403214,
99,1498,0.015145267359912395,
99,1499,0.021398629993200302,
99,1499,,0.015049410983920097
100,1500,0.01152058970183134,
100,1501,0.01643720269203186,
100,1502,0.015991339460015297,
100,1503,0.01585155539214611,
100,1504,0.01688190922141075,
100,1505,0.018821246922016144,
100,1506,0.018104447051882744,
100,1507,0.020709361881017685,
100,1508,0.017982687801122665,
100,1509,0.01957487314939499,
100,1510,0.014902063645422459,
100,1511,0.01818654127418995,
100,1512,0.016787316650152206,
100,1513,0.01696552336215973,
100,1514,0.012729560025036335,
100,1514,,0.015008018352091312
101,1515,0.01907622255384922,
101,1516,0.017154505476355553,
101,1517,0.015658851712942123,
101,1518,0.011827104724943638,
101,1519,0.01635093055665493,
101,1520,0.015550404787063599,
101,1521,0.017574824392795563,
101,1522,0.016852611675858498,
101,1523,0.023182334378361702,
101,1524,0.015526496805250645,
101,1525,0.017376918345689774,
101,1526,0.014007849618792534,
101,1527,0.018966086208820343,
101,1528,0.01641121134161949,
101,1529,0.01790853962302208,
101,1529,,0.014966911636292934
102,1530,0.017511898651719093,
102,1531,0.020122407004237175,
102,1532,0.015007155016064644,
102,1533,0.01738782227039337,
102,1534,0.014792066998779774,
102,1535,0.021448202431201935,
102,1536,0.015025953762233257,
102,1537,0.018079906702041626,
102,1538,0.014574146829545498,
102,1539,0.019699670374393463,
102,1540,0.015819894149899483,
102,1541,0.01832369901239872,
102,1542,0.012635719031095505,
102,1543,0.016077876091003418,
102,1544,0.013754638843238354,
102,1544,,0.014926418662071228
103,1545,0.013352171517908573,
103,1546,0.018715018406510353,
103,1547,0.016778340563178062,
103,1548,0.0169219933450222,
103,1549,0.019193878397345543,
103,1550,0.012907953932881355,
103,1551,0.017439205199480057,
103,1552,0.01432184036821127,
103,1553,0.01574750803411007,
103,1554,0.01969427801668644,
103,1555,0.015960359945893288,
103,1556,0.01577167771756649,
103,1557,0.016842395067214966,
103,1558,0.020607441663742065,
103,1559,0.01664919964969158,
103,1559,,0.014890298247337341
104,1560,0.01734192855656147,
104,1561,0.01410678867250681,
104,1562,0.016233142465353012,
104,1563,0.014882488176226616,
104,1564,0.009697897359728813,
104,1565,0.01800752431154251,
104,1566,0.02167997695505619,
104,1567,0.019183775410056114,
104,1568,0.01315426453948021,
104,1569,0.01768738031387329,
104,1570,0.017411358654499054,
104,1571,0.015523006208240986,
104,1572,0.018063927069306374,
104,1573,0.017388179898262024,
104,1574,0.020958973094820976,
104,1574,,0.01485441718250513
105,1575,0.014548033475875854,
105,1576,0.016981402412056923,
105,1577,0.017887191846966743,
105,1578,0.011895574629306793,
105,1579,0.017483890056610107,
105,1580,0.022056227549910545,
105,1581,0.014400113373994827,
105,1582,0.013226613402366638,
105,1583,0.019862493500113487,
105,1584,0.01977793127298355,
105,1585,0.018415773287415504,
105,1586,0.014236556366086006,
105,1587,0.013277662917971611,
105,1588,0.0171447042375803,
105,1589,0.01899910531938076,
105,1589,,0.014817147515714169
106,1590,0.018469911068677902,
106,1591,0.013935908675193787,
106,1592,0.014493179507553577,
106,1593,0.013666856102645397,
106,1594,0.01549623068422079,
106,1595,0.018449250608682632,
106,1596,0.014948351308703423,
106,1597,0.018885383382439613,
106,1598,0.02113340236246586,
106,1599,0.018345557153224945,
106,1600,0.015088644810020924,
106,1601,0.01502273976802826,
106,1602,0.015320695005357265,
106,1603,0.017482208088040352,
106,1604,0.017930781468749046,
106,1604,,0.014780205674469471
107,1605,0.018103232607245445,
107,1606,0.014661313965916634,
107,1607,0.016431672498583794,
107,1608,0.01451417151838541,
107,1609,0.017322566360235214,
107,1610,0.012211081571877003,
107,1611,0.018383579328656197,
107,1612,0.012832151725888252,
107,1613,0.015735186636447906,
107,1614,0.022959742695093155,
107,1615,0.01602613367140293,
107,1616,0.01611003838479519,
107,1617,0.015687230974435806,
107,1618,0.021287843585014343,
107,1619,0.014743548817932606,
107,1619,,0.014744502492249012
108,1620,0.016650602221488953,
108,1621,0.01288355328142643,
108,1622,0.015560908243060112,
108,1623,0.016152087599039078,
108,1624,0.018684858456254005,
108,1625,0.01565525308251381,
108,1626,0.0169964786618948,
108,1627,0.013394174166023731,
108,1628,0.014287048019468784,
108,1629,0.015121796168386936,
108,1630,0.01930629275739193,
108,1631,0.018159978091716766,
108,1632,0.01597701571881771,
108,1633,0.015758434310555458,
108,1634,0.025822838768363,
108,1634,,0.014708946458995342
109,1635,0.015446901321411133,
109,1636,0.0164460651576519,
109,1637,0.018223930150270462,
109,1638,0.017171604558825493,
109,1639,0.018717119470238686,
109,1640,0.019102782011032104,
109,1641,0.01547923032194376,
109,1642,0.01651238091289997,
109,1643,0.018066884949803352,
109,1644,0.013969057239592075,
109,1645,0.014542791992425919,
109,1646,0.016874616965651512,
109,1647,0.014392821118235588,
109,1648,0.01766922138631344,
109,1649,0.011599306017160416,
109,1649,,0.014669759199023247
110,1650,0.01140243373811245,
110,1651,0.01961188204586506,
110,1652,0.015453330241143703,
110,1653,0.01692626252770424,
110,1654,0.014321595430374146,
110,1655,0.020173322409391403,
110,1656,0.016354385763406754,
110,1657,0.014986139722168446,
110,1658,0.019518325105309486,
110,1659,0.01689756289124489,
110,1660,0.013471582904458046,
110,1661,0.01667545922100544,
110,1662,0.013026492670178413,
110,1663,0.018931139260530472,
110,1664,0.0180214773863554,
110,1664,,0.014635703526437283
111,1665,0.016353480517864227,
111,1666,0.01802554540336132,
111,1667,0.013982049189507961,
111,1668,0.018172863870859146,
111,1669,0.017149081453680992,
111,1670,0.014698113314807415,
111,1671,0.021582433953881264,
111,1672,0.013431800529360771,
111,1673,0.01949174888432026,
111,1674,0.013548840768635273,
111,1675,0.016400957480072975,
111,1676,0.015636729076504707,
111,1677,0.017704784870147705,
111,1678,0.01326721627265215,
111,1679,0.014280589297413826,
111,1679,,0.014596815221011639
112,1680,0.01693182811141014,
112,1681,0.017155511304736137,
112,1682,0.014559651724994183,
112,1683,0.018828893080353737,
112,1684,0.013325748033821583,
112,1685,0.014111814089119434,
112,1686,0.01538472343236208,
112,1687,0.016193930059671402,
112,1688,0.017659062519669533,
112,1689,0.01506866980344057,
112,1690,0.014936721883714199,
112,1691,0.017889617010951042,
112,1692,0.014814847148954868,
112,1693,0.020631739869713783,
112,1694,0.01597076840698719,
112,1694,,0.014562697149813175
113,1695,0.014789723791182041,
113,1696,0.01680559478700161,
113,1697,0.0171782448887825,
113,1698,0.012716079130768776,
113,1699,0.0163168516010046,
113,1700,0.015480054542422295,
113,1701,0.01763589307665825,
113,1702,0.01619691587984562,
113,1703,0.01724720560014248,
113,1704,0.013561060652136803,
113,1705,0.016114212572574615,
113,1706,0.018023541197180748,
113,1707,0.019259531050920486,
113,1708,0.015849480405449867,
113,1709,0.015514380298554897,
113,1709,,0.014525020495057106
114,1710,0.01674862578511238,
114,1711,0.01509674359112978,
114,1712,0.018332967534661293,
114,1713,0.01904304139316082,
114,1714,0.01914137601852417,
114,1715,0.01087248045951128,
114,1716,0.014471928589046001,
114,1717,0.01454348023980856,
114,1718,0.016728870570659637,
114,1719,0.015501333400607109,
114,1720,0.01390843279659748,
114,1721,0.015350219793617725,
114,1722,0.01844407431781292,
114,1723,0.015982042998075485,
114,1724,0.019724363461136818,
114,1724,,0.014490144327282906
115,1725,0.01757196895778179,
115,1726,0.015913572162389755,
115,1727,0.013234023936092854,
115,1728,0.01605134643614292,
115,1729,0.02025076188147068,
115,1730,0.014736520126461983,
115,1731,0.014750269241631031,
115,1732,0.01840927265584469,
115,1733,0.015604372136294842,
115,1734,0.017837027087807655,
115,1735,0.016496840864419937,
115,1736,0.010856786742806435,
115,1737,0.016041800379753113,
115,1738,0.01633787900209427,
115,1739,0.017716169357299805,
115,1739,,0.014457770623266697
116,1740,0.016427040100097656,
116,1741,0.013743434101343155,
116,1742,0.01723504066467285,
116,1743,0.01747724413871765,
116,1744,0.014792167581617832,
116,1745,0.017326727509498596,
116,1746,0.013319042511284351,
116,1747,0.016074014827609062,
116,1748,0.014702839776873589,
116,1749,0.020023975521326065,
116,1750,0.014666895382106304,
116,1751,0.01635962352156639,
116,1752,0.015311175025999546,
116,1753,0.018126914277672768,
116,1754,0.014014297164976597,
116,1754,,0.014420049265027046
117,1755,0.018097538501024246,
117,1756,0.01706264726817608,
117,1757,0.014328625984489918,
117,1758,0.011055069044232368,
117,1759,0.01746450923383236,
117,1760,0.01290472038090229,
117,1761,0.01690882071852684,
117,1762,0.016691306605935097,
117,1763,0.016093946993350983,
117,1764,0.01538025215268135,
117,1765,0.01834421046078205,
117,1766,0.016555363312363625,
117,1767,0.014635824598371983,
117,1768,0.017242100089788437,
117,1769,0.01844993233680725,
117,1769,,0.014387636445462704
118,1770,0.016794711351394653,
118,1771,0.017436901107430458,
118,1772,0.014638862572610378,
118,1773,0.015482548624277115,
118,1774,0.018119242042303085,
118,1775,0.015827953815460205,
118,1776,0.01700211875140667,
118,1777,0.017371544614434242,
118,1778,0.015719886869192123,
118,1779,0.015022139064967632,
118,1780,0.01597175933420658,
118,1781,0.01618032716214657,
118,1782,0.014631341211497784,
118,1783,0.014431938529014587,
118,1784,0.01324288360774517,
118,1784,,0.014350146986544132
119,1785,0.0153197031468153,
119,1786,0.01582556590437889,
119,1787,0.010846652090549469,
119,1788,0.01636231504380703,
119,1789,0.01965155452489853,
119,1790,0.013419372960925102,
119,1791,0.01676388643682003,
119,1792,0.012919610366225243,
119,1793,0.017148498445749283,
119,1794,0.019622674211859703,
119,1795,0.014311502687633038,
119,1796,0.015334987081587315,
119,1797,0.016957389190793037,
119,1798,0.01909034699201584,
119,1799,0.01486101932823658,
119,1799,,0.014317676424980164
120,1800,0.019316865131258965,
120,1801,0.014924935065209866,
120,1802,0.012899022549390793,
120,1803,0.016640249639749527,
120,1804,0.01847667805850506,
120,1805,0.019423143938183784,
120,1806,0.015509313903748989,
120,1807,0.013504816219210625,
120,1808,0.014184221625328064,
120,1809,0.014864131808280945,
120,1810,0.018230201676487923,
120,1811,0.012990792281925678,
120,1812,0.014241420663893223,
120,1813,0.016650263220071793,
120,1814,0.015925340354442596,
120,1814,,0.014285353943705559
121,1815,0.016068095341324806,
121,1816,0.01465057022869587,
121,1817,0.017207378521561623,
121,1818,0.014340192079544067,
121,1819,0.01578459143638611,
121,1820,0.01598009467124939,
121,1821,0.01882939040660858,
121,1822,0.016096852719783783,
121,1823,0.013950477354228497,
121,1824,0.01946779154241085,
121,1825,0.012571385130286217,
121,1826,0.018390700221061707,
121,1827,0.014842944219708443,
121,1828,0.014801025390625,
121,1829,0.013081028126180172,
121,1829,,0.014252884313464165
122,1830,0.015089143067598343,
122,1831,0.015532944351434708,
122,1832,0.014859888702630997,
122,1833,0.015702202916145325,
122,1834,0.016500208526849747,
122,1835,0.013779732398688793,
122,1836,0.014848344959318638,
122,1837,0.015466047450900078,
122,1838,0.0164820346981287,
122,1839,0.014301604591310024,
122,1840,0.012585175223648548,
122,1841,0.019524026662111282,
122,1842,0.01655212976038456,
122,1843,0.017943279817700386,
122,1844,0.018416816368699074,
122,1844,,0.014222219586372375
123,1845,0.013870655559003353,
123,1846,0.017704378813505173,
123,1847,0.012066766619682312,
123,1848,0.011910759843885899,
123,1849,0.021629096940159798,
123,1850,0.0137413265183568,
123,1851,0.017337758094072342,
123,1852,0.01437722984701395,
123,1853,0.014983822591602802,
123,1854,0.013695654459297657,
123,1855,0.017961615696549416,
123,1856,0.01640601083636284,
123,1857,0.01634928584098816,
123,1858,0.017200112342834473,
123,1859,0.01756303384900093,
123,1859,,0.014193441718816757
124,1860,0.014180612750351429,
124,1861,0.013671034015715122,
124,1862,0.012319355271756649,
124,1863,0.019421802833676338,
124,1864,0.018189141526818275,
124,1865,0.021687665954232216,
124,1866,0.014631264843046665,
124,1867,0.01561430748552084,
124,1868,0.014355638064444065,
124,1869,0.015573501586914062,
124,1870,0.01519713643938303,
124,1871,0.014173499308526516,
124,1872,0.01781904138624668,
124,1873,0.013725887052714825,
124,1874,0.014014177024364471,
124,1874,,0.014164653606712818
125,1875,0.01724168285727501,
125,1876,0.015374824404716492,
125,1877,0.013087525963783264,
125,1878,0.01710628531873226,
125,1879,0.01522230263799429,
125,1880,0.01730780303478241,
125,1881,0.015585250221192837,
125,1882,0.01825895346701145,
125,1883,0.01581149734556675,
125,1884,0.014523867517709732,
125,1885,0.017404785379767418,
125,1886,0.014310055412352085,
125,1887,0.014240915887057781,
125,1888,0.012300465255975723,
125,1889,0.017942652106285095,
125,1889,,0.014135953038930893
126,1890,0.012934676371514797,
126,1891,0.01629181206226349,
126,1892,0.016646215692162514,
126,1893,0.01518948096781969,
126,1894,0.016241444274783134,
126,1895,0.01620330475270748,
126,1896,0.015995485708117485,
126,1897,0.015167031437158585,
126,1898,0.01739819534122944,
126,1899,0.01630047895014286,
126,1900,0.012963073328137398,
126,1901,0.012411575764417648,
126,1902,0.017911845818161964,
126,1903,0.016242656856775284,
126,1904,0.016116585582494736,
126,1904,,0.014104259200394154
127,1905,0.014527145773172379,
127,1906,0.013719704933464527,
127,1907,0.01909504272043705,
127,1908,0.01411739457398653,
127,1909,0.012486081570386887,
127,1910,0.0160896647721529,
127,1911,0.01365079078823328,
127,1912,0.017228219658136368,
127,1913,0.015500126406550407,
127,1914,0.016004221513867378,
127,1915,0.01581796444952488,
127,1916,0.015405039303004742,
127,1917,0.01630510948598385,
127,1918,0.015543429180979729,
127,1919,0.018758945167064667,
127,1919,,0.014075666666030884
128,1920,0.013408763334155083,
128,1921,0.018122678622603416,
128,1922,0.012538447976112366,
128,1923,0.01763414777815342,
128,1924,0.01676815375685692,
128,1925,0.01186351664364338,
128,1926,0.01124444417655468,
128,1927,0.016860315576195717,
128,1928,0.015551534481346607,
128,1929,0.01701578125357628,
128,1930,0.017032764852046967,
128,1931,0.018149718642234802,
128,1932,0.019103821367025375,
128,1933,0.01099127996712923,
128,1934,0.01759367436170578,
128,1934,,0.014042573980987072
129,1935,0.016338443383574486,
129,1936,0.01735510863363743,
129,1937,0.016833510249853134,
129,1938,0.015277508646249771,
129,1939,0.017359856516122818,
129,1940,0.01627150923013687,
129,1941,0.015441709198057652,
129,1942,0.014731155708432198,
129,1943,0.013653108850121498,
129,1944,0.013383501209318638,
129,1945,0.013891677372157574,
129,1946,0.011372871696949005,
129,1947,0.014267338439822197,
129,1948,0.017572442069649696,
129,1949,0.019756434485316277,
129,1949,,0.014014823362231255
130,1950,0.013930092565715313,
130,1951,0.014173256233334541,
130,1952,0.01921352930366993,
130,1953,0.015400184318423271,
130,1954,0.013792265206575394,
130,1955,0.011939451098442078,
130,1956,0.013770018704235554,
130,1957,0.016567211598157883,
130,1958,0.015373923815786839,
130,1959,0.016909124329686165,
130,1960,0.016827834770083427,
130,1961,0.014112335629761219,
130,1962,0.017103567719459534,
130,1963,0.015517232939600945,
130,1964,0.017232222482562065,
130,1964,,0.013985325582325459
131,1965,0.016711296513676643,
131,1966,0.012669995427131653,
131,1967,0.014348396100103855,
131,1968,0.014630777761340141,
131,1969,0.013644874095916748,
131,1970,0.014464037492871284,
131,1971,0.01747511699795723,
131,1972,0.0131768099963665,
131,1973,0.01475119311362505,
131,1974,0.013501258566975594,
131,1975,0.014276680536568165,
131,1976,0.01705223321914673,
131,1977,0.015399285592138767,
131,1978,0.01863919012248516,
131,1979,0.024336837232112885,
131,1979,,0.013955950736999512
132,1980,0.013667115941643715,
132,1981,0.013570405542850494,
132,1982,0.016082920134067535,
132,1983,0.009733431041240692,
132,1984,0.0161204282194376,
132,1985,0.011996620334684849,
132,1986,0.016830550506711006,
132,1987,0.013012930750846863,
132,1988,0.01585397683084011,
132,1989,0.01978711225092411,
132,1990,0.014494744129478931,
132,1991,0.015821672976017,
132,1992,0.016826173290610313,
132,1993,0.02241920493543148,
132,1994,0.01214253343641758,
132,1994,,0.013926094397902489
133,1995,0.016892049461603165,
133,1996,0.01143128052353859,
133,1997,0.016779722645878792,
133,1998,0.016115136444568634,
133,1999,0.01088354829698801,
133,2000,0.016974177211523056,
133,2001,0.015255606733262539,
133,2002,0.017007950693368912,
133,2003,0.019598152488470078,
133,2004,0.01633487083017826,
133,2005,0.015041795559227467,
133,2006,0.013167677447199821,
133,2007,0.012593214400112629,
133,2008,0.014528082683682442,
133,2009,0.017523828893899918,
133,2009,,0.013900645077228546
134,2010,0.0159587524831295,
134,2011,0.016176290810108185,
134,2012,0.016465647146105766,
134,2013,0.01614924892783165,
134,2014,0.017585260793566704,
134,2015,0.01788359135389328,
134,2016,0.014068958349525928,
134,2017,0.015525785274803638,
134,2018,0.01197074819356203,
134,2019,0.01430946309119463,
134,2020,0.016945114359259605,
134,2021,0.017215676605701447,
134,2022,0.015136821195483208,
134,2023,0.011815094389021397,
134,2024,0.00917432364076376,
134,2024,,0.01387083437293768
135,2025,0.014183027669787407,
135,2026,0.016895132139325142,
135,2027,0.012100393883883953,
135,2028,0.015919232740998268,
135,2029,0.01664171926677227,
135,2030,0.017939889803528786,
135,2031,0.015421537682414055,
135,2032,0.013002771884202957,
135,2033,0.01453238446265459,
135,2034,0.014043145813047886,
135,2035,0.01713043451309204,
135,2036,0.014908719807863235,
135,2037,0.01796719804406166,
135,2038,0.013378769159317017,
135,2039,0.01291208527982235,
135,2039,,0.013841156847774982
136,2040,0.01240118034183979,
136,2041,0.014757136814296246,
136,2042,0.013408658094704151,
136,2043,0.02043948322534561,
136,2044,0.013233714736998081,
136,2045,0.01416097767651081,
136,2046,0.015600391663610935,
136,2047,0.01939057745039463,
136,2048,0.010747944936156273,
136,2049,0.01685316674411297,
136,2050,0.01503258291631937,
136,2051,0.01435232162475586,
136,2052,0.01738242618739605,
136,2053,0.01688186451792717,
136,2054,0.01103746797889471,
136,2054,,0.013812096789479256
137,2055,0.016561836004257202,
137,2056,0.013149039819836617,
137,2057,0.01816810481250286,
137,2058,0.014835025183856487,
137,2059,0.014258195646107197,
137,2060,0.01362626999616623,
137,2061,0.015676509588956833,
137,2062,0.01046012807637453,
137,2063,0.017132418230175972,
137,2064,0.018456386402249336,
137,2065,0.01295000035315752,
137,2066,0.018056640401482582,
137,2067,0.014526069164276123,
137,2068,0.013255316764116287,
137,2069,0.016094863414764404,
137,2069,,0.013786564581096172
138,2070,0.013133330270648003,
138,2071,0.014675713144242764,
138,2072,0.016111692413687706,
138,2073,0.01761435903608799,
138,2074,0.017746875062584877,
138,2075,0.013457147404551506,
138,2076,0.0172809399664402,
138,2077,0.013499450869858265,
138,2078,0.011175379157066345,
138,2079,0.013820311054587364,
138,2080,0.012827175669372082,
138,2081,0.017768509685993195,
138,2082,0.01713399402797222,
138,2083,0.016832679510116577,
138,2084,0.01198336761444807,
138,2084,,0.013758103363215923
139,2085,0.013459301553666592,
139,2086,0.01200300082564354,
139,2087,0.017369678243994713,
139,2088,0.0119044603779912,
139,2089,0.010798204690217972,
139,2090,0.015648910775780678,
139,2091,0.01460483018308878,
139,2092,0.014966960065066814,
139,2093,0.01519794575870037,
139,2094,0.01779622957110405,
139,2095,0.013623961247503757,
139,2096,0.01801256649196148,
139,2097,0.016435416415333748,
139,2098,0.017439180985093117,
139,2099,0.01809820532798767,
139,2099,,0.013731693848967552
140,2100,0.01383760292083025,
140,2101,0.012171657755970955,
140,2102,0.01691906712949276,
140,2103,0.01593630202114582,
140,2104,0.015521490015089512,
140,2105,0.015760144218802452,
140,2106,0.015152775682508945,
140,2107,0.0163005068898201,
140,2108,0.01686822809278965,
140,2109,0.012249565683305264,
140,2110,0.019233273342251778,
140,2111,0.012199793942272663,
140,2112,0.016380855813622475,
140,2113,0.012221534736454487,
140,2114,0.01444936916232109,
140,2114,,0.013703701086342335
141,2115,0.018373535946011543,
141,2116,0.01177329570055008,
141,2117,0.012978866696357727,
141,2118,0.013004763051867485,
141,2119,0.01761966571211815,
141,2120,0.014037678949534893,
141,2121,0.016946829855442047,
141,2122,0.013052182272076607,
141,2123,0.01593356765806675,
141,2124,0.01666935347020626,
141,2125,0.01097174547612667,
141,2126,0.013403937220573425,
141,2127,0.02091413550078869,
141,2128,0.012863178737461567,
141,2129,0.01645389012992382,
141,2129,,0.013677272014319897
142,2130,0.013931565918028355,
142,2131,0.014120976440608501,
142,2132,0.014071977697312832,
142,2133,0.017782993614673615,
142,2134,0.015990067273378372,
142,2135,0.016458021476864815,
142,2136,0.013996358029544353,
142,2137,0.014407436363399029,
142,2138,0.014063702896237373,
142,2139,0.012179885990917683,
142,2140,0.013166290707886219,
142,2141,0.01840919442474842,
142,2142,0.015315675176680088,
142,2143,0.015742599964141846,
142,2144,0.013451564125716686,
142,2144,,0.013650035485625267
143,2145,0.01738548092544079,
143,2146,0.012479010969400406,
143,2147,0.014632088132202625,
143,2148,0.01792069338262081,
143,2149,0.016985880210995674,
143,2150,0.013400312513113022,
143,2151,0.01613885909318924,
143,2152,0.012915394268929958,
143,2153,0.019554337486624718,
143,2154,0.011395308189094067,
143,2155,0.013843704015016556,
143,2156,0.015684397891163826,
143,2157,0.015008770860731602,
143,2158,0.01160385925322771,
143,2159,0.015279584564268589,
143,2159,,0.013623903505504131
144,2160,0.017092598602175713,
144,2161,0.011238114908337593,
144,2162,0.012096126563847065,
144,2163,0.015977991744875908,
144,2164,0.014249667525291443,
144,2165,0.019078373908996582,
144,2166,0.013249252922832966,
144,2167,0.018793931230902672,
144,2168,0.011059809476137161,
144,2169,0.01469130627810955,
144,2170,0.013190766796469688,
144,2171,0.014097331091761589,
144,2172,0.017092669382691383,
144,2173,0.015209217555820942,
144,2174,0.01630309782922268,
144,2174,,0.01360021997243166
145,2175,0.013880138285458088,
145,2176,0.01520980428904295,
145,2177,0.015430597588419914,
145,2178,0.015559292398393154,
145,2179,0.016960836946964264,
145,2180,0.01381297130137682,
145,2181,0.012268302030861378,
145,2182,0.013648838736116886,
145,2183,0.015701331198215485,
145,2184,0.016480006277561188,
145,2185,0.016914106905460358,
145,2186,0.015600946731865406,
145,2187,0.013291907496750355,
145,2188,0.013814769685268402,
145,2189,0.01322389766573906,
145,2189,,0.01357242837548256
146,2190,0.01921382173895836,
146,2191,0.015724672004580498,
146,2192,0.01399664394557476,
146,2193,0.018271060660481453,
146,2194,0.013939274474978447,
146,2195,0.013369336724281311,
146,2196,0.016455143690109253,
146,2197,0.014282405376434326,
146,2198,0.01486833207309246,
146,2199,0.01401516143232584,
146,2200,0.012214260175824165,
146,2201,0.014460007660090923,
146,2202,0.01203189231455326,
146,2203,0.011942182667553425,
146,2204,0.018645817413926125,
146,2204,,0.013550400733947754
147,2205,0.013968436047434807,
147,2206,0.016939109191298485,
147,2207,0.014170330949127674,
147,2208,0.011954281479120255,
147,2209,0.012244396843016148,
147,2210,0.015336048789322376,
147,2211,0.015228352509438992,
147,2212,0.015212452970445156,
147,2213,0.01656170003116131,
147,2214,0.01567556895315647,
147,2215,0.01463232934474945,
147,2216,0.013993680477142334,
147,2217,0.01737898588180542,
147,2218,0.012740877456963062,
147,2219,0.015133893117308617,
147,2219,,0.013523335568606853
148,2220,0.015751978382468224,
148,2221,0.016097165644168854,
148,2222,0.010433131828904152,
148,2223,0.01551095675677061,
148,2224,0.017033517360687256,
148,2225,0.013950468972325325,
148,2226,0.010392406024038792,
148,2227,0.015300603583455086,
148,2228,0.018600817769765854,
148,2229,0.015689469873905182,
148,2230,0.01423676311969757,
148,2231,0.01545476634055376,
148,2232,0.015238470397889614,
148,2233,0.01540887076407671,
148,2234,0.009660067036747932,
148,2234,,0.01349740382283926
149,2235,0.01678607240319252,
149,2236,0.014765885658562183,
149,2237,0.015119612216949463,
149,2238,0.017694655805826187,
149,2239,0.010409176349639893,
149,2240,0.015260845422744751,
149,2241,0.012413089163601398,
149,2242,0.015192029997706413,
149,2243,0.01258604135364294,
149,2244,0.01153422612696886,
149,2245,0.017769254744052887,
149,2246,0.014575004577636719,
149,2247,0.014985804446041584,
149,2248,0.01853507198393345,
149,2249,0.011575781740248203,
149,2249,,0.01347261294722557
150,2250,0.015971936285495758,
150,2251,0.017288757488131523,
150,2252,0.016655126586556435,
150,2253,0.015005813911557198,
150,2254,0.01386200450360775,
150,2255,0.01334470696747303,
150,2256,0.013037542812526226,
150,2257,0.01362699270248413,
150,2258,0.013606248423457146,
150,2259,0.012542853131890297,
150,2260,0.013914785347878933,
150,2261,0.014383194968104362,
150,2262,0.016894493252038956,
150,2263,0.016169849783182144,
150,2264,0.01290157064795494,
150,2264,,0.013448268175125122
151,2265,0.018186798319220543,
151,2266,0.013209325261414051,
151,2267,0.01488057803362608,
151,2268,0.01725720800459385,
151,2269,0.014221655204892159,
151,2270,0.014244702644646168,
151,2271,0.013965499587357044,
151,2272,0.013518041931092739,
151,2273,0.013959692791104317,
151,2274,0.012418217957019806,
151,2275,0.016321850940585136,
151,2276,0.01685412786900997,
151,2277,0.012019265443086624,
151,2278,0.014033698476850986,
151,2279,0.01379791647195816,
151,2279,,0.013425112701952457
152,2280,0.016097575426101685,
152,2281,0.013970055617392063,
152,2282,0.016746385022997856,
152,2283,0.015238738618791103,
152,2284,0.013612384907901287,
152,2285,0.016135171055793762,
152,2286,0.013756010681390762,
152,2287,0.017613625153899193,
152,2288,0.014965996146202087,
152,2289,0.013381781056523323,
152,2290,0.013237886130809784,
152,2291,0.012791521847248077,
152,2292,0.01232167612761259,
152,2293,0.014966574497520924,
152,2294,0.014246306382119656,
152,2294,,0.013401998206973076
153,2295,0.013235319405794144,
153,2296,0.013346849009394646,
153,2297,0.012904676608741283,
153,2298,0.012749654240906239,
153,2299,0.01381803210824728,
153,2300,0.01466827280819416,
153,2301,0.016490943729877472,
153,2302,0.013453121297061443,
153,2303,0.01561343390494585,
153,2304,0.01691996119916439,
153,2305,0.013022098690271378,
153,2306,0.01829283870756626,
153,2307,0.01453954353928566,
153,2308,0.013758514076471329,
153,2309,0.01565573737025261,
153,2309,,0.013378589414060116
154,2310,0.014298832975327969,
154,2311,0.013246308080852032,
154,2312,0.013055894523859024,
154,2313,0.01539535354822874,
154,2314,0.012367429211735725,
154,2315,0.011403493583202362,
154,2316,0.013785125687718391,
154,2317,0.0160821620374918,
154,2318,0.010809755884110928,
154,2319,0.01720353774726391,
154,2320,0.019970083609223366,
154,2321,0.016375446692109108,
154,2322,0.015720652416348457,
154,2323,0.012911252677440643,
154,2324,0.01591329276561737,
154,2324,,0.013358285650610924
155,2325,0.015152494423091412,
155,2326,0.01402053702622652,
155,2327,0.014967300929129124,
155,2328,0.01444690115749836,
155,2329,0.014034654013812542,
155,2330,0.01792813278734684,
155,2331,0.015743885189294815,
155,2332,0.013349030166864395,
155,2333,0.010027468204498291,
155,2334,0.017163047567009926,
155,2335,0.013754506595432758,
155,2336,0.012321854010224342,
155,2337,0.0173235721886158,
155,2338,0.014209357090294361,
155,2339,0.011068547144532204,
155,2339,,0.013333525508642197
156,2340,0.013686321675777435,
156,2341,0.014760421589016914,
156,2342,0.016317356377840042,
156,2343,0.01380999106913805,
156,2344,0.014948472380638123,
156,2345,0.013447007164359093,
156,2346,0.015996810048818588,
156,2347,0.012395523488521576,
156,2348,0.01433649379760027,
156,2349,0.013781054876744747,
156,2350,0.012782884761691093,
156,2351,0.017120476812124252,
156,2352,0.016088489443063736,
156,2353,0.014592834748327732,
156,2354,0.011352647095918655,
156,2354,,0.013307534158229828
157,2355,0.011901376768946648,
157,2356,0.010507353581488132,
157,2357,0.014045821502804756,
157,2358,0.014400172978639603,
157,2359,0.015617042779922485,
157,2360,0.015235473401844501,
157,2361,0.012582709081470966,
157,2362,0.016501858830451965,
157,2363,0.018011711537837982,
157,2364,0.016937268897891045,
157,2365,0.0143851013854146,
157,2366,0.013911374844610691,
157,2367,0.014143995009362698,
157,2368,0.015217832289636135,
157,2369,0.012129167094826698,
157,2369,,0.013281608000397682
158,2370,0.013734051026403904,
158,2371,0.015609873458743095,
158,2372,0.015206694602966309,
158,2373,0.014371254481375217,
158,2374,0.017336079850792885,
158,2375,0.013135522603988647,
158,2376,0.016671517863869667,
158,2377,0.011938683688640594,
158,2378,0.014771584421396255,
158,2379,0.015807095915079117,
158,2380,0.013720964081585407,
158,2381,0.014597614295780659,
158,2382,0.013314394280314445,
158,2383,0.013738845475018024,
158,2384,0.009764446876943111,
158,2384,,0.013259077444672585
159,2385,0.01596955396234989,
159,2386,0.016969498246908188,
159,2387,0.016646265983581543,
159,2388,0.014975524507462978,
159,2389,0.014116303995251656,
159,2390,0.013387536630034447,
159,2391,0.011418470181524754,
159,2392,0.01132527831941843,
159,2393,0.013003936968743801,
159,2394,0.01272906269878149,
159,2395,0.014332768507301807,
159,2396,0.01618603989481926,
159,2397,0.016639726236462593,
159,2398,0.013538721948862076,
159,2399,0.014056069776415825,
159,2399,,0.013237307779490948
160,2400,0.018063081428408623,
160,2401,0.011992080137133598,
160,2402,0.01406612154096365,
160,2403,0.013206947594881058,
160,2404,0.013533752411603928,
160,2405,0.01159110851585865,
160,2406,0.014979468658566475,
160,2407,0.011879820376634598,
160,2408,0.01657026633620262,
160,2409,0.011888474225997925,
160,2410,0.01763950102031231,
160,2411,0.018053777515888214,
160,2412,0.016128938645124435,
160,2413,0.011433114297688007,
160,2414,0.012867598794400692,
160,2414,,0.013215831480920315
161,2415,0.01390716154128313,
161,2416,0.014924992807209492,
161,2417,0.015552971512079239,
161,2418,0.01357325166463852,
161,2419,0.01533691305667162,
161,2420,0.014774682000279427,
161,2421,0.01283451821655035,
161,2422,0.014437198638916016,
161,2423,0.01416913140565157,
161,2424,0.015386770479381084,
161,2425,0.01341289933770895,
161,2426,0.014192355796694756,
161,2427,0.014841192401945591,
161,2428,0.012150505557656288,
161,2429,0.015900779515504837,
161,2429,,0.013191670179367065
162,2430,0.012668414041399956,
162,2431,0.0160329882055521,
162,2432,0.013534236699342728,
162,2433,0.01295313611626625,
162,2434,0.015277490019798279,
162,2435,0.014348238706588745,
162,2436,0.013043356128036976,
162,2437,0.013970683328807354,
162,2438,0.014752593822777271,
162,2439,0.011210637167096138,
162,2440,0.016010377556085587,
162,2441,0.014961414970457554,
162,2442,0.014190233312547207,
162,2443,0.016187628731131554,
162,2444,0.014794417656958103,
162,2444,,0.013170053251087666
163,2445,0.016395246610045433,
163,2446,0.011316940188407898,
163,2447,0.012370680458843708,
163,2448,0.011064521968364716,
163,2449,0.015225033275783062,
163,2450,0.015651829540729523,
163,2451,0.011841345578432083,
163,2452,0.015603682957589626,
163,2453,0.013179055415093899,
163,2454,0.013329597190022469,
163,2455,0.015121270902454853,
163,2456,0.01632428914308548,
163,2457,0.015479681082069874,
163,2458,0.01613110862672329,
163,2459,0.013410291634500027,
163,2459,,0.013147469609975815
164,2460,0.011784275062382221,
164,2461,0.013211367651820183,
164,2462,0.0154969347640872,
164,2463,0.013749759644269943,
164,2464,0.013969480991363525,
164,2465,0.014052237384021282,
164,2466,0.014190816320478916,
164,2467,0.013965110294520855,
164,2468,0.013701412826776505,
164,2469,0.01589995250105858,
164,2470,0.013160956092178822,
164,2471,0.015647070482373238,
164,2472,0.01456192135810852,
164,2473,0.014468471519649029,
164,2474,0.014790979214012623,
164,2474,,0.013124847784638405
165,2475,0.011497939936816692,
165,2476,0.017130833119153976,
165,2477,0.014603765681385994,
165,2478,0.012325990945100784,
165,2479,0.015789376571774483,
165,2480,0.014534707181155682,
165,2481,0.014856289140880108,
165,2482,0.013409467414021492,
165,2483,0.012996637262403965,
165,2484,0.013547136448323727,
165,2485,0.015752587467432022,
165,2486,0.013830586336553097,
165,2487,0.013070694170892239,
165,2488,0.015889402478933334,
165,2489,0.01280542928725481,
165,2489,,0.013101006858050823
166,2490,0.014510716311633587,
166,2491,0.020965367555618286,
166,2492,0.011433885432779789,
166,2493,0.016836130991578102,
166,2494,0.011891510337591171,
166,2495,0.012969983741641045,
166,2496,0.013520789332687855,
166,2497,0.015474728308618069,
166,2498,0.014705343171954155,
166,2499,0.011688027530908585,
166,2500,0.014380493201315403,
166,2501,0.012998250313103199,
166,2502,0.014733917079865932,
166,2503,0.012284830212593079,
166,2504,0.01380201056599617,
166,2504,,0.013079632073640823
167,2505,0.013117598369717598,
167,2506,0.015481863170862198,
167,2507,0.01201892364770174,
167,2508,0.016749011352658272,
167,2509,0.01355429831892252,
167,2510,0.01684749498963356,
167,2511,0.012556144036352634,
167,2512,0.015285775065422058,
167,2513,0.0126756327226758,
167,2514,0.012297890149056911,
167,2515,0.015078278258442879,
167,2516,0.015323092229664326,
167,2517,0.016652921214699745,
167,2518,0.01101015042513609,
167,2519,0.01204571034759283,
167,2519,,0.013059072196483612
168,2520,0.013497712090611458,
168,2521,0.013225418515503407,
168,2522,0.011209774762392044,
168,2523,0.014291283674538136,
168,2524,0.01317665446549654,
168,2525,0.013949187472462654,
168,2526,0.01405938807874918,
168,2527,0.013555287383496761,
168,2528,0.018915709108114243,
168,2529,0.013886526226997375,
168,2530,0.014488809742033482,
168,2531,0.015380369499325752,
168,2532,0.014065946452319622,
168,2533,0.014364694245159626,
168,2534,0.012628031894564629,
168,2534,,0.013035552576184273
169,2535,0.013190398924052715,
169,2536,0.01168083492666483,
169,2537,0.014716763980686665,
169,2538,0.014610816724598408,
169,2539,0.015221214853227139,
169,2540,0.016622330993413925,
169,2541,0.016455475240945816,
169,2542,0.013484654016792774,
169,2543,0.01447517704218626,
169,2544,0.01364392414689064,
169,2545,0.013558490201830864,
169,2546,0.01277776900678873,
169,2547,0.012099900282919407,
169,2548,0.013669878244400024,
169,2549,0.01434546522796154,
169,2549,,0.013013876974582672
170,2550,0.011405836790800095,
170,2551,0.01784691959619522,
170,2552,0.012575186789035797,
170,2553,0.011676709167659283,
170,2554,0.013555874116718769,
170,2555,0.012534272857010365,
170,2556,0.015118179842829704,
170,2557,0.01522731501609087,
170,2558,0.012536141090095043,
170,2559,0.015963289886713028,
170,2560,0.012403281405568123,
170,2561,0.01504446379840374,
170,2562,0.016484012827277184,
170,2563,0.013402886688709259,
170,2564,0.01438510324805975,
170,2564,,0.012990466319024563
171,2565,0.014067098498344421,
171,2566,0.014869864098727703,
171,2567,0.014787392690777779,
171,2568,0.013437551446259022,
171,2569,0.013001452200114727,
171,2570,0.01189742237329483,
171,2571,0.012198053300380707,
171,2572,0.015809809789061546,
171,2573,0.012860027141869068,
171,2574,0.013057038187980652,
171,2575,0.014307518489658833,
171,2576,0.017599672079086304,
171,2577,0.013921646401286125,
171,2578,0.013807185925543308,
171,2579,0.013413187116384506,
171,2579,,0.012968356721103191
172,2580,0.011869735084474087,
172,2581,0.012794665060937405,
172,2582,0.013076907955110073,
172,2583,0.015085075050592422,
172,2584,0.013799105770885944,
172,2585,0.018423927947878838,
172,2586,0.013383296318352222,
172,2587,0.016541797667741776,
172,2588,0.013510427437722683,
172,2589,0.0134563148021698,
172,2590,0.012695387937128544,
172,2591,0.010255755856633186,
172,2592,0.016283562406897545,
172,2593,0.013254833407700062,
172,2594,0.01552515011280775,
172,2594,,0.012950139120221138
173,2595,0.009776710532605648,
173,2596,0.01424272172152996,
173,2597,0.014613877050578594,
173,2598,0.015120789408683777,
173,2599,0.015866335481405258,
173,2600,0.015944043174386024,
173,2601,0.013986248522996902,
173,2602,0.012701119296252728,
173,2603,0.014259629882872105,
173,2604,0.015104320831596851,
173,2605,0.012460938654839993,
173,2606,0.014088349416851997,
173,2607,0.01022739801555872,
173,2608,0.013536588288843632,
173,2609,0.019068650901317596,
173,2609,,0.012929657474160194
174,2610,0.012977021746337414,
174,2611,0.013426450081169605,
174,2612,0.015760252252221107,
174,2613,0.010799688287079334,
174,2614,0.014215654693543911,
174,2615,0.01174576859921217,
174,2616,0.014252954162657261,
174,2617,0.013543184846639633,
174,2618,0.015209116972982883,
174,2619,0.014595826156437397,
174,2620,0.014580528251826763,
174,2621,0.014635635539889336,
174,2622,0.01479293778538704,
174,2623,0.014074855484068394,
174,2624,0.014403857290744781,
174,2624,,0.012907703407108784
175,2625,0.011380402371287346,
175,2626,0.013072509318590164,
175,2627,0.011989612132310867,
175,2628,0.016133423894643784,
175,2629,0.015512888319790363,
175,2630,0.013312723487615585,
175,2631,0.015051452443003654,
175,2632,0.013171507976949215,
175,2633,0.014325357042253017,
175,2634,0.015163827687501907,
175,2635,0.014905853196978569,
175,2636,0.013287794776260853,
175,2637,0.011624904349446297,
175,2638,0.015269536525011063,
175,2639,0.013580608181655407,
175,2639,,0.012888758443295956
176,2640,0.016362326219677925,
176,2641,0.013950834982097149,
176,2642,0.012649597600102425,
176,2643,0.014308682642877102,
176,2644,0.015024608932435513,
176,2645,0.014926870353519917,
176,2646,0.013184119947254658,
176,2647,0.01162908598780632,
176,2648,0.014333739876747131,
176,2649,0.012699012644588947,
176,2650,0.012232914566993713,
176,2651,0.013304236344993114,
176,2652,0.014255351386964321,
176,2653,0.016016686335206032,
176,2654,0.012463503517210484,
176,2654,,0.012867328710854053
177,2655,0.014888422563672066,
177,2656,0.016636652871966362,
177,2657,0.01318627130240202,
177,2658,0.013195274397730827,
177,2659,0.013681567274034023,
177,2660,0.015089490450918674,
177,2661,0.014576074667274952,
177,2662,0.012596502900123596,
177,2663,0.01321447640657425,
177,2664,0.01507735624909401,
177,2665,0.012719669379293919,
177,2666,0.011911789886653423,
177,2667,0.01215021125972271,
177,2668,0.012392520904541016,
177,2669,0.01758905127644539,
177,2669,,0.012846601195633411
178,2670,0.011794024147093296,
178,2671,0.01235255692154169,
178,2672,0.011078541167080402,
178,2673,0.01544876117259264,
178,2674,0.013511947356164455,
178,2675,0.012947176583111286,
178,2676,0.013534678146243095,
178,2677,0.014268898405134678,
178,2678,0.013282432220876217,
178,2679,0.013122020289301872,
178,2680,0.016244947910308838,
178,2681,0.014689922332763672,
178,2682,0.011227089911699295,
178,2683,0.018091099336743355,
178,2684,0.015660494565963745,
178,2684,,0.01282637007534504
179,2685,0.011713978834450245,
179,2686,0.013662568293511868,
179,2687,0.01379530318081379,
179,2688,0.016459569334983826,
179,2689,0.018051832914352417,
179,2690,0.013754832558333874,
179,2691,0.015258774161338806,
179,2692,0.011460489593446255,
179,2693,0.012415394186973572,
179,2694,0.01668095588684082,
179,2695,0.012156075797975063,
179,2696,0.012182098813354969,
179,2697,0.01454178150743246,
179,2698,0.01043663639575243,
179,2699,0.012957671657204628,
179,2699,,0.012807052582502365
180,2700,0.01522514596581459,
180,2701,0.015846675261855125,
180,2702,0.012481944635510445,
180,2703,0.013246295973658562,
180,2704,0.012582285329699516,
180,2705,0.012976736761629581,
180,2706,0.015423057600855827,
180,2707,0.01193041168153286,
180,2708,0.01483379490673542,
180,2709,0.011937657371163368,
180,2710,0.0128266466781497,
180,2711,0.014457257464528084,
180,2712,0.013308254070580006,
180,2713,0.014402372762560844,
180,2714,0.01475631445646286,
180,2714,,0.012785944156348705
181,2715,0.011903433129191399,
181,2716,0.014439735561609268,
181,2717,0.01423264853656292,
181,2718,0.013815832324326038,
181,2719,0.014090131036937237,
181,2720,0.01351476926356554,
181,2721,0.013301840983331203,
181,2722,0.016778694465756416,
181,2723,0.013214727863669395,
181,2724,0.015177079476416111,
181,2725,0.012416579760611057,
181,2726,0.011737174354493618,
181,2727,0.01444212906062603,
181,2728,0.013061633333563805,
181,2729,0.013332548551261425,
181,2729,,0.012765660881996155
182,2730,0.015171284787356853,
182,2731,0.013706209138035774,
182,2732,0.013393049128353596,
182,2733,0.014353843405842781,
182,2734,0.01648011989891529,
182,2735,0.015556011348962784,
182,2736,0.013410006649792194,
182,2737,0.013000319711863995,
182,2738,0.010195353999733925,
182,2739,0.01164567843079567,
182,2740,0.014955499209463596,
182,2741,0.010456671938300133,
182,2742,0.014138270169496536,
182,2743,0.01582374796271324,
182,2744,0.011564768850803375,
182,2744,,0.012746600434184074
183,2745,0.01698685996234417,
183,2746,0.012904760427772999,
183,2747,0.01179467886686325,
183,2748,0.013313641771674156,
183,2749,0.010693016462028027,
183,2750,0.01341814175248146,
183,2751,0.015791289508342743,
183,2752,0.014756417833268642,
183,2753,0.012205464765429497,
183,2754,0.014586223289370537,
183,2755,0.012042239308357239,
183,2756,0.013767927885055542,
183,2757,0.014033964835107327,
183,2758,0.016585255041718483,
183,2759,0.011202557012438774,
183,2759,,0.012724092230200768
184,2760,0.011158538050949574,
184,2761,0.017473256215453148,
184,2762,0.01425147894769907,
184,2763,0.009621549397706985,
184,2764,0.014163305051624775,
184,2765,0.013516840524971485,
184,2766,0.012722433544695377,
184,2767,0.012104754336178303,
184,2768,0.015700705349445343,
184,2769,0.014791043475270271,
184,2770,0.01613985188305378,
184,2771,0.011298547498881817,
184,2772,0.01534123532474041,
184,2773,0.01395022589713335,
184,2774,0.010835501365363598,
184,2774,,0.012704304419457912
185,2775,0.01521935872733593,
185,2776,0.013059311546385288,
185,2777,0.01484173908829689,
185,2778,0.009990200400352478,
185,2779,0.011554067023098469,
185,2780,0.017848461866378784,
185,2781,0.012119939550757408,
185,2782,0.013258798979222775,
185,2783,0.014541407115757465,
185,2784,0.011033378541469574,
185,2785,0.01253471802920103,
185,2786,0.014750831760466099,
185,2787,0.016063690185546875,
185,2788,0.012324096634984016,
185,2789,0.015460272319614887,
185,2789,,0.012685878202319145
186,2790,0.01622001826763153,
186,2791,0.01148913148790598,
186,2792,0.013275017030537128,
186,2793,0.014927645213901997,
186,2794,0.012391673400998116,
186,2795,0.014377002604305744,
186,2796,0.016611289232969284,
186,2797,0.012805034406483173,
186,2798,0.01273359078913927,
186,2799,0.014042145572602749,
186,2800,0.012995165772736073,
186,2801,0.014093124307692051,
186,2802,0.014534937217831612,
186,2803,0.012078124098479748,
186,2804,0.008969774469733238,
186,2804,,0.012666478753089905
187,2805,0.010784344747662544,
187,2806,0.016076479107141495,
187,2807,0.013485804200172424,
187,2808,0.013282504864037037,
187,2809,0.01366767194122076,
187,2810,0.013847574591636658,
187,2811,0.014283599331974983,
187,2812,0.015821287408471107,
187,2813,0.012902578338980675,
187,2814,0.01391252875328064,
187,2815,0.011195455677807331,
187,2816,0.014285408891737461,
187,2817,0.01334855705499649,
187,2818,0.012638149783015251,
187,2819,0.012959921732544899,
187,2819,,0.0126484464854002
188,2820,0.01216112356632948,
188,2821,0.013596228323876858,
188,2822,0.015149136073887348,
188,2823,0.015469488687813282,
188,2824,0.012706455774605274,
188,2825,0.016057495027780533,
188,2826,0.015197617933154106,
188,2827,0.013533439487218857,
188,2828,0.013800369575619698,
188,2829,0.012167341075837612,
188,2830,0.011060741730034351,
188,2831,0.013721441850066185,
188,2832,0.01353519968688488,
188,2833,0.01177428849041462,
188,2834,0.012456197291612625,
188,2834,,0.01263030432164669
189,2835,0.014709449373185635,
189,2836,0.013380853459239006,
189,2837,0.011794859543442726,
189,2838,0.011182301677763462,
189,2839,0.014061099849641323,
189,2840,0.011001989245414734,
189,2841,0.01709802635014057,
189,2842,0.013506533578038216,
189,2843,0.01611294038593769,
189,2844,0.012019039131700993,
189,2845,0.012162885628640652,
189,2846,0.01778920739889145,
189,2847,0.012407721020281315,
189,2848,0.012110657058656216,
189,2849,0.012392344884574413,
189,2849,,0.012611590325832367
190,2850,0.012925242073833942,
190,2851,0.011791562661528587,
190,2852,0.01370900310575962,
190,2853,0.014499896205961704,
190,2854,0.011600363999605179,
190,2855,0.012734672985970974,
190,2856,0.013800020329654217,
190,2857,0.014102946035563946,
190,2858,0.01637423038482666,
190,2859,0.012704090215265751,
190,2860,0.014151828363537788,
190,2861,0.012884443625807762,
190,2862,0.013116158545017242,
190,2863,0.015457404777407646,
190,2864,0.01167010422796011,
190,2864,,0.012591181322932243
191,2865,0.010853623040020466,
191,2866,0.014452542178332806,
191,2867,0.0134708471596241,
191,2868,0.014036208391189575,
191,2869,0.011540831997990608,
191,2870,0.015925027430057526,
191,2871,0.01594514027237892,
191,2872,0.01603279449045658,
191,2873,0.012926188297569752,
191,2874,0.014188069850206375,
191,2875,0.010374718345701694,
191,2876,0.013728594407439232,
191,2877,0.011948956176638603,
191,2878,0.011580283753573895,
191,2879,0.01545086782425642,
191,2879,,0.01257329247891903
192,2880,0.01491849310696125,
192,2881,0.015468422323465347,
192,2882,0.009703212417662144,
192,2883,0.014161450788378716,
192,2884,0.015782160684466362,
192,2885,0.01364446897059679,
192,2886,0.012005371041595936,
192,2887,0.010539817623794079,
192,2888,0.014774405397474766,
192,2889,0.013706918805837631,
192,2890,0.013255065307021141,
192,2891,0.013708346523344517,
192,2892,0.014788140542805195,
192,2893,0.011433709412813187,
192,2894,0.012380692176520824,
192,2894,,0.012552795931696892
193,2895,0.01622837409377098,
193,2896,0.013219152577221394,
193,2897,0.012746674939990044,
193,2898,0.01398905087262392,
193,2899,0.013936755247414112,
193,2900,0.013574248179793358,
193,2901,0.013772171922028065,
193,2902,0.014524334110319614,
193,2903,0.014673379249870777,
193,2904,0.01174737699329853,
193,2905,0.01219028327614069,
193,2906,0.012883168645203114,
193,2907,0.012427637353539467,
193,2908,0.012808678671717644,
193,2909,0.01064563263207674,
193,2909,,0.012533850967884064
194,2910,0.011957255192101002,
194,2911,0.012042964808642864,
194,2912,0.01312338374555111,
194,2913,0.012577791698276997,
194,2914,0.010102997533977032,
194,2915,0.016957471147179604,
194,2916,0.015302184969186783,
194,2917,0.012259001843631268,
194,2918,0.012339823879301548,
194,2919,0.01573660410940647,
194,2920,0.011684189550578594,
194,2921,0.01596936583518982,
194,2922,0.01491066999733448,
194,2923,0.013001739047467709,
194,2924,0.011874704621732235,
194,2924,,0.012516947463154793
195,2925,0.01524007972329855,
195,2926,0.012730580754578114,
195,2927,0.011483464390039444,
195,2928,0.014430993236601353,
195,2929,0.01305757649242878,
195,2930,0.011087792925536633,
195,2931,0.012952728196978569,
195,2932,0.01526190061122179,
195,2933,0.01398871373385191,
195,2934,0.013878168538212776,
195,2935,0.01085106935352087,
195,2936,0.014411532320082188,
195,2937,0.012035808525979519,
195,2938,0.012389009818434715,
195,2939,0.018159465864300728,
195,2939,,0.012498381547629833
196,2940,0.012781396508216858,
196,2941,0.013852424919605255,
196,2942,0.014132905751466751,
196,2943,0.012613922357559204,
196,2944,0.014718807302415371,
196,2945,0.013868354260921478,
196,2946,0.013513353653252125,
196,2947,0.012160171754658222,
196,2948,0.013453266583383083,
196,2949,0.014212343841791153,
196,2950,0.01452203094959259,
196,2951,0.0109105771407485,
196,2952,0.01560691837221384,
196,2953,0.011776178143918514,
196,2954,0.0103629594668746,
196,2954,,0.012479264289140701
197,2955,0.010991260409355164,
197,2956,0.013409174978733063,
197,2957,0.014343557879328728,
197,2958,0.01401954609900713,
197,2959,0.01559449266642332,
197,2960,0.011745952069759369,
197,2961,0.013920881785452366,
197,2962,0.011243212968111038,
197,2963,0.01186139602214098,
197,2964,0.011097227223217487,
197,2965,0.015459686517715454,
197,2966,0.0136396624147892,
197,2967,0.015055139549076557,
197,2968,0.013286733068525791,
197,2969,0.013856572099030018,
197,2969,,0.012462797574698925
198,2970,0.012265254743397236,
198,2971,0.01540797483175993,
198,2972,0.010978839360177517,
198,2973,0.01394986268132925,
198,2974,0.017897000536322594,
198,2975,0.01283915527164936,
198,2976,0.01218829769641161,
198,2977,0.012067039497196674,
198,2978,0.015223660506308079,
198,2979,0.012697202153503895,
198,2980,0.010263494215905666,
198,2981,0.013336976058781147,
198,2982,0.013387024402618408,
198,2983,0.012667019851505756,
198,2984,0.013814442791044712,
198,2984,,0.012449195608496666
199,2985,0.011451291851699352,
199,2986,0.0119191724807024,
199,2987,0.014800788834691048,
199,2988,0.01405323762446642,
199,2989,0.014009164646267891,
199,2990,0.0115592610090971,
199,2991,0.015143023803830147,
199,2992,0.014114324934780598,
199,2993,0.011397992260754108,
199,2994,0.011200224049389362,
199,2995,0.015036109834909439,
199,2996,0.013261822052299976,
199,2997,0.012223360128700733,
199,2998,0.014765850268304348,
199,2999,0.014903242699801922,
199,2999,,0.012431198731064796
